model,dataset,core,sapropel,element,binary_auc,kendall_tau,tau_null_mean,tau_null_ci_low,tau_null_ci_high,n_forced,n_null
arsenal,ts_1500,64PE406E1,S3,Mo,0.950906,0.722354,-0.237078,-0.568514,0.094357,40,400
arsenal,ts_1500,64PE406E1,S3,U,0.948469,0.783647,-0.439377,-0.67065,-0.208103,40,400
arsenal,ts_1500,64PE406E1,S4,Mo,0.92825,0.803843,-0.495219,-0.701645,-0.288793,40,400
arsenal,ts_1500,64PE406E1,S4,U,0.995469,0.77575,-0.634611,-0.78666,-0.482562,40,400
arsenal,ts_1500,64PE406E1,S5,Mo,0.901875,0.853193,-0.127584,-0.42542,0.170252,40,400
arsenal,ts_1500,64PE406E1,S5,U,0.667406,0.844187,-0.01558,-0.306503,0.275342,40,400
arsenal,ts_1500,64PE406E1,S6,Mo,0.615906,0.887236,0.58528,0.394493,0.776068,40,400
arsenal,ts_1500,64PE406E1,S6,U,0.646594,0.8974,0.759289,0.598359,0.92022,40,400
arsenal,ts_500,64PE406E1,S3,Mo,0.995594,0.223607,-0.69164,-0.836237,-0.547043,40,400
arsenal,ts_500,64PE406E1,S3,U,0.93025,0.504279,-0.618289,-0.793967,-0.442612,40,400
arsenal,ts_500,64PE406E1,S4,Mo,0.993812,0.538052,-0.578576,-0.915173,-0.241978,40,400
arsenal,ts_500,64PE406E1,S4,U,0.999937,0.674755,-0.466776,-0.709554,-0.223998,40,400
arsenal,ts_500,64PE406E1,S5,Mo,1.0,0.816497,-0.356049,-0.642093,-0.070006,40,400
arsenal,ts_500,64PE406E1,S5,U,0.8665,0.854121,-0.552716,-0.818635,-0.286797,40,400
arsenal,ts_500,64PE406E1,S6,Mo,0.923344,0.763369,-0.405932,-0.607149,-0.204715,40,400
arsenal,ts_500,64PE406E1,S6,U,0.967375,0.567341,-0.077778,-0.341586,0.186031,40,400
arsenal,ts_500,MS21,S1,Mo,0.966562,0.662827,-0.028954,-0.271599,0.21369,40,400
arsenal,ts_500,MS21,S1,U,0.803312,0.8327,-0.003383,-0.218892,0.212125,40,400
arsenal,ts_500,MS66,S1,Mo,1.0,0.0,-0.300987,-0.486321,-0.115652,40,400
arsenal,ts_500,MS66,S1,U,1.0,0.0,-0.375172,-0.6061,-0.144244,40,400
arsenal,ts_500,MS66,S3,Mo,0.992188,0.793327,-0.361821,-0.567763,-0.155879,40,400
arsenal,ts_500,MS66,S3,U,0.782469,0.592702,-0.229802,-0.584974,0.125369,40,400
bop,ts_1500,64PE406E1,S3,Mo,0.64375,0.0,-0.457825,-0.619354,-0.296297,40,400
bop,ts_1500,64PE406E1,S3,U,0.6325,0.0,-0.113962,-0.3254,0.097476,40,400
bop,ts_1500,64PE406E1,S4,Mo,0.675,0.0,-0.452699,-0.599895,-0.305503,40,400
bop,ts_1500,64PE406E1,S4,U,0.695,0.0,-0.318678,-0.507555,-0.1298,40,400
bop,ts_1500,64PE406E1,S5,Mo,0.63625,0.0,-0.136368,-0.399071,0.126335,40,400
bop,ts_1500,64PE406E1,S5,U,0.61875,0.0,-0.412773,-0.62084,-0.204707,40,400
bop,ts_1500,64PE406E1,S6,Mo,0.29625,0.712525,0.26664,0.089264,0.444016,40,400
bop,ts_1500,64PE406E1,S6,U,0.6575,0.21214,0.155433,0.061389,0.249476,40,400
bop,ts_1500,MS21,S1,Mo,0.51125,-0.326625,0.114851,-0.089747,0.319449,40,400
bop,ts_1500,MS21,S1,U,0.345,0.140387,-0.045967,-0.250874,0.15894,40,400
bop,ts_1500,MS66,S1,Mo,0.70125,-0.405798,-0.099017,-0.399615,0.201582,40,400
bop,ts_1500,MS66,S1,U,0.8575,-0.154805,-0.090518,-0.324726,0.14369,40,400
bop,ts_1500,MS66,S3,Mo,0.59875,0.0,-0.270871,-0.452029,-0.089713,40,400
bop,ts_1500,MS66,S3,U,0.38625,0.046225,-0.140058,-0.362207,0.082091,40,400
bop,ts_500,64PE406E1,S3,Mo,0.81875,0.0,0.117425,-0.058285,0.293135,40,400
bop,ts_500,64PE406E1,S3,U,0.36,0.101575,0.063382,-0.174886,0.301651,40,400
bop,ts_500,64PE406E1,S4,Mo,0.71875,0.09176,-0.056738,-0.289209,0.175734,40,400
bop,ts_500,64PE406E1,S4,U,0.47125,-0.09759,0.090278,-0.10898,0.289536,40,400
bop,ts_500,64PE406E1,S5,Mo,0.57875,0.066152,0.030744,-0.194994,0.256481,40,400
bop,ts_500,64PE406E1,S5,U,0.7525,-0.082144,-0.00721,-0.244307,0.229886,40,400
bop,ts_500,64PE406E1,S6,Mo,0.56625,0.558662,0.054009,-0.150804,0.258823,40,400
bop,ts_500,64PE406E1,S6,U,0.65125,0.360444,-0.032963,-0.275989,0.210063,40,400
bop,ts_500,MS21,S1,Mo,0.4725,0.083547,-0.307697,-0.441297,-0.174098,40,400
bop,ts_500,MS21,S1,U,0.475,-0.320884,-0.300703,-0.449225,-0.152182,40,400
bop,ts_500,MS66,S1,Mo,0.76625,-0.157111,0.043346,-0.11705,0.203741,40,400
bop,ts_500,MS66,S1,U,0.44625,0.138025,-0.126391,-0.263137,0.010355,40,400
bop,ts_500,MS66,S3,Mo,0.7475,-0.295718,-0.026835,-0.308191,0.254521,40,400
bop,ts_500,MS66,S3,U,0.445,0.639511,-0.097277,-0.353378,0.158824,40,400
boss,ts_1500,64PE406E1,S3,Mo,0.317625,0.273604,-0.41586,-0.696068,-0.135652,40,400
boss,ts_1500,64PE406E1,S3,U,0.4705,-0.080739,-0.371186,-0.568985,-0.173386,40,400
boss,ts_1500,64PE406E1,S4,Mo,0.877375,-0.27868,-0.62618,-0.785438,-0.466922,40,400
boss,ts_1500,64PE406E1,S4,U,0.657281,-0.528358,-0.442362,-0.667517,-0.217208,40,400
boss,ts_1500,64PE406E1,S5,Mo,0.628594,0.549125,-0.245906,-0.490258,-0.001553,40,400
boss,ts_1500,64PE406E1,S5,U,0.504812,0.441994,-0.285499,-0.639749,0.06875,40,400
boss,ts_1500,64PE406E1,S6,Mo,0.30125,0.545947,0.515905,0.357757,0.674052,40,400
boss,ts_1500,64PE406E1,S6,U,0.253063,0.822045,0.124625,-0.224795,0.474045,40,400
boss,ts_1500,MS21,S1,Mo,0.960938,0.389744,0.061538,-0.096207,0.219284,40,400
boss,ts_1500,MS21,S1,U,0.514188,0.671795,-0.068718,-0.327821,0.190385,40,400
boss,ts_1500,MS66,S1,Mo,0.982,-0.504199,-0.317411,-0.580755,-0.054068,40,400
boss,ts_1500,MS66,S1,U,0.785563,-0.14772,-0.004942,-0.280092,0.270208,40,400
boss,ts_1500,MS66,S3,Mo,0.682531,0.620314,-0.161366,-0.481672,0.15894,40,400
boss,ts_1500,MS66,S3,U,0.21125,0.407254,-0.057595,-0.35781,0.242621,40,400
boss,ts_500,64PE406E1,S3,Mo,0.798562,0.265896,-0.204672,-0.298055,-0.111289,40,400
boss,ts_500,64PE406E1,S4,Mo,0.836313,0.538462,-0.240089,-0.319626,-0.160553,40,400
boss,ts_500,64PE406E1,S4,U,0.729,0.407692,-0.269822,-0.369509,-0.170135,40,400
boss,ts_500,64PE406E1,S5,Mo,0.787406,0.213324,-0.192544,-0.283418,-0.101671,40,400
boss,ts_500,64PE406E1,S5,U,0.534625,0.07569,-0.23096,-0.367133,-0.094788,40,400
boss,ts_500,64PE406E1,S6,Mo,0.64575,-0.116587,0.052297,-0.051189,0.155783,40,400
boss,ts_500,64PE406E1,S6,U,0.649156,-0.325336,-0.016679,-0.185986,0.152629,40,400
catch22,ts_1500,64PE406E1,S3,Mo,0.846969,0.600814,0.120074,-0.129193,0.369341,40,400
catch22,ts_1500,64PE406E1,S3,U,0.358687,0.518292,-0.109245,-0.37178,0.15329,40,400
catch22,ts_1500,64PE406E1,S4,Mo,0.950531,0.165847,-0.039623,-0.322646,0.2434,40,400
catch22,ts_1500,64PE406E1,S4,U,0.272312,0.287772,-0.013152,-0.22349,0.197187,40,400
catch22,ts_1500,64PE406E1,S5,Mo,0.978312,0.376851,-0.124882,-0.341819,0.092056,40,400
catch22,ts_1500,64PE406E1,S5,U,0.985312,0.303222,-0.092942,-0.335917,0.150033,40,400
catch22,ts_1500,64PE406E1,S6,Mo,0.956375,0.378991,0.158526,-0.105081,0.422134,40,400
catch22,ts_1500,64PE406E1,S6,U,0.733781,0.157103,0.231157,0.050835,0.411478,40,400
catch22,ts_1500,MS21,S1,Mo,0.742188,0.699443,-0.143543,-0.42834,0.141254,40,400
catch22,ts_1500,MS21,S1,U,0.85975,-0.071482,-0.46766,-0.67308,-0.262241,40,400
catch22,ts_1500,MS66,S1,Mo,1.0,-0.217327,0.13724,-0.244497,0.518977,40,400
catch22,ts_1500,MS66,S1,U,0.403813,0.255352,0.003792,-0.358278,0.365862,40,400
catch22,ts_1500,MS66,S3,Mo,0.489219,-0.003946,-0.316897,-0.592702,-0.041092,40,400
catch22,ts_1500,MS66,S3,U,0.970719,0.079082,0.063329,-0.256751,0.383409,40,400
catch22,ts_500,64PE406E1,S3,Mo,0.706781,0.522455,0.039195,-0.235013,0.313403,40,400
catch22,ts_500,64PE406E1,S3,U,0.700906,0.694479,-0.106583,-0.319484,0.106318,40,400
catch22,ts_500,64PE406E1,S4,Mo,0.784969,0.730075,0.037152,-0.194174,0.268478,40,400
catch22,ts_500,64PE406E1,S4,U,0.719125,0.418768,-0.061714,-0.358282,0.234854,40,400
catch22,ts_500,64PE406E1,S5,Mo,0.995875,0.414513,-0.040609,-0.339482,0.258265,40,400
catch22,ts_500,64PE406E1,S5,U,0.874156,0.413224,-0.133315,-0.406053,0.139423,40,400
catch22,ts_500,64PE406E1,S6,Mo,0.769094,0.517747,0.238125,0.036752,0.439498,40,400
catch22,ts_500,64PE406E1,S6,U,0.476906,0.254552,0.110339,-0.115039,0.335716,40,400
catch22,ts_500,MS21,S1,Mo,0.943031,0.536056,-0.391301,-0.606495,-0.176108,40,400
catch22,ts_500,MS21,S1,U,0.933188,0.42759,-0.284662,-0.436909,-0.132416,40,400
catch22,ts_500,MS66,S1,Mo,0.998219,0.001315,-0.027116,-0.330527,0.276294,40,400
catch22,ts_500,MS66,S1,U,0.722438,-0.374551,-0.146249,-0.43417,0.141673,40,400
catch22,ts_500,MS66,S3,Mo,0.64325,0.71413,0.122758,-0.10441,0.349926,40,400
catch22,ts_500,MS66,S3,U,0.787562,0.117985,0.133456,-0.105793,0.372706,40,400
cif,ts_500,64PE406E1,S5,Mo,0.992719,0.818587,-0.371454,-0.6142,-0.128708,40,400
cif,ts_500,64PE406E1,S5,U,0.964969,0.868141,-0.553335,-0.684088,-0.422582,40,400
cif,ts_500,64PE406E1,S6,Mo,0.868656,0.641502,-0.118391,-0.385232,0.148451,40,400
cif,ts_500,64PE406E1,S6,U,0.885125,0.493877,-0.492856,-0.651424,-0.334289,40,400
cnn_lstm,ts_1500,64PE406E1,S3,Mo,1.0,0.468249,-0.495897,-0.691955,-0.29984,40,400
cnn_lstm,ts_1500,64PE406E1,S3,U,0.889312,0.871795,-0.235385,-0.423187,-0.047583,40,400
cnn_lstm,ts_1500,64PE406E1,S4,Mo,1.0,0.725641,-0.198718,-0.442295,0.044859,40,400
cnn_lstm,ts_1500,64PE406E1,S4,U,0.999,0.705128,-0.175897,-0.355897,0.004102,40,400
cnn_lstm,ts_1500,64PE406E1,S5,Mo,1.0,0.601668,-0.475897,-0.691966,-0.259829,40,400
cnn_lstm,ts_1500,64PE406E1,S5,U,0.915188,0.761538,-0.433333,-0.727208,-0.139458,40,400
cnn_lstm,ts_1500,64PE406E1,S6,Mo,0.991187,0.487179,-0.512821,-0.706948,-0.318693,40,400
cnn_lstm,ts_1500,64PE406E1,S6,U,0.974,0.646154,-0.384872,-0.609847,-0.159896,40,400
cnn_lstm,ts_1500,MS21,S1,Mo,0.986437,0.823077,-0.018205,-0.300906,0.264496,40,400
cnn_lstm,ts_1500,MS21,S1,U,0.869875,0.615385,-0.143333,-0.422007,0.13534,40,400
cnn_lstm,ts_1500,MS66,S1,Mo,1.0,-0.105128,0.008205,-0.313485,0.329896,40,400
cnn_lstm,ts_1500,MS66,S1,U,1.0,0.368185,-0.118718,-0.365158,0.127722,40,400
cnn_lstm,ts_1500,MS66,S3,Mo,1.0,0.266667,-0.500769,-0.771327,-0.230212,40,400
cnn_lstm,ts_1500,MS66,S3,U,0.834688,0.838462,-0.535641,-0.710962,-0.36032,40,400
cnn_lstm,ts_500,64PE406E1,S3,Mo,0.999875,0.44359,-0.245128,-0.487889,-0.002367,40,400
cnn_lstm,ts_500,64PE406E1,S3,U,0.755563,0.866667,0.042051,-0.245471,0.329574,40,400
cnn_lstm,ts_500,64PE406E1,S4,Mo,0.967812,0.635897,-0.124103,-0.375517,0.127312,40,400
cnn_lstm,ts_500,64PE406E1,S4,U,0.985625,0.625641,-0.20359,-0.502768,0.095589,40,400
cnn_lstm,ts_500,64PE406E1,S5,Mo,0.995,0.315385,0.039231,-0.139269,0.217731,40,400
cnn_lstm,ts_500,64PE406E1,S5,U,0.796813,0.928205,0.019744,-0.268045,0.307532,40,400
cnn_lstm,ts_500,64PE406E1,S6,Mo,0.895375,0.517949,0.101795,-0.058712,0.262302,40,400
cnn_lstm,ts_500,64PE406E1,S6,U,0.953375,0.615385,0.027436,-0.19377,0.248642,40,400
cnn_lstm,ts_500,MS21,S1,Mo,0.997,0.558974,0.114359,-0.059537,0.288255,40,400
cnn_lstm,ts_500,MS21,S1,U,0.653687,0.748718,-0.150513,-0.374138,0.073112,40,400
cnn_lstm,ts_500,MS66,S1,Mo,0.9975,0.197436,0.112821,-0.167662,0.393303,40,400
cnn_lstm,ts_500,MS66,S1,U,0.998188,0.610256,0.038205,-0.247499,0.32391,40,400
cnn_lstm,ts_500,MS66,S3,Mo,0.992313,0.041026,-0.079231,-0.389634,0.231172,40,400
cnn_lstm,ts_500,MS66,S3,U,0.747562,0.628205,0.147692,-0.132132,0.427516,40,400
drcif,ts_1500,64PE406E1,S6,Mo,0.824281,-0.353665,-0.505936,-0.613063,-0.398808,40,400
drcif,ts_500,64PE406E1,S3,Mo,0.997469,0.578593,-0.468336,-0.564254,-0.372417,40,400
drcif,ts_500,64PE406E1,S3,U,0.58125,0.575588,-0.128354,-0.335307,0.078599,40,400
drcif,ts_500,64PE406E1,S4,Mo,0.996875,0.697408,-0.354836,-0.535338,-0.174334,40,400
drcif,ts_500,64PE406E1,S4,U,0.97725,0.343521,-0.321546,-0.437821,-0.205272,40,400
drcif,ts_500,64PE406E1,S5,Mo,0.989812,0.587071,-0.024533,-0.30976,0.260694,40,400
drcif,ts_500,64PE406E1,S5,U,0.901438,0.728731,-0.287267,-0.447534,-0.127001,40,400
drcif,ts_500,64PE406E1,S6,Mo,0.828156,0.00682,-0.241088,-0.501301,0.019125,40,400
drcif,ts_500,64PE406E1,S6,U,0.886188,0.654616,-0.350211,-0.540638,-0.159785,40,400
fastshapelet,ts_1500,64PE406E1,S3,Mo,0.8935,-0.035897,0.07359,-0.201985,0.349165,40,400
fastshapelet,ts_1500,64PE406E1,S3,U,0.551375,0.658974,0.020256,-0.257206,0.297719,40,400
fastshapelet,ts_1500,64PE406E1,S4,Mo,0.769625,0.738462,-0.011795,-0.24776,0.22417,40,400
fastshapelet,ts_1500,64PE406E1,S4,U,0.800062,0.030769,-0.055897,-0.297649,0.185855,40,400
fastshapelet,ts_1500,64PE406E1,S5,Mo,0.990875,0.802564,-0.146154,-0.442278,0.14997,40,400
fastshapelet,ts_1500,64PE406E1,S5,U,0.945688,0.487179,-0.08,-0.366645,0.206645,40,400
fastshapelet,ts_1500,64PE406E1,S6,Mo,0.760625,0.046154,-0.384915,-0.583401,-0.186428,40,400
fastshapelet,ts_1500,64PE406E1,S6,U,0.082125,0.323077,0.036923,-0.349368,0.423214,40,400
fastshapelet,ts_1500,MS21,S1,Mo,0.993188,0.551282,-0.104103,-0.348327,0.140122,40,400
fastshapelet,ts_1500,MS21,S1,U,0.886562,0.5,-0.325641,-0.512957,-0.138325,40,400
fastshapelet,ts_1500,MS66,S3,Mo,0.994937,0.494872,-0.146154,-0.44938,0.157072,40,400
fastshapelet,ts_500,64PE406E1,S3,Mo,0.961875,0.851282,-0.066309,-0.470942,0.338323,40,400
fastshapelet,ts_500,64PE406E1,S3,U,0.624563,-0.153846,0.302564,0.069612,0.535517,40,400
fastshapelet,ts_500,64PE406E1,S4,Mo,0.863563,0.635897,-0.160769,-0.473145,0.151606,40,400
fastshapelet,ts_500,64PE406E1,S4,U,0.935,0.661538,-0.134103,-0.395848,0.127643,40,400
fastshapelet,ts_500,64PE406E1,S5,Mo,0.940063,0.779487,0.381538,0.159492,0.603585,40,400
fastshapelet,ts_500,64PE406E1,S5,U,0.447812,0.753846,-0.231538,-0.496563,0.033486,40,400
fastshapelet,ts_500,64PE406E1,S6,Mo,0.796687,0.694872,-0.101026,-0.467093,0.265042,40,400
fastshapelet,ts_500,64PE406E1,S6,U,0.712,0.835897,-0.341538,-0.661255,-0.021822,40,400
fastshapelet,ts_500,MS21,S1,Mo,0.717688,0.274359,-0.259231,-0.413245,-0.105216,40,400
fastshapelet,ts_500,MS21,S1,U,0.393937,0.082051,-0.27641,-0.393057,-0.159764,40,400
fastshapelet,ts_500,MS66,S1,Mo,0.952625,0.030769,-0.286923,-0.63892,0.065073,40,400
fastshapelet,ts_500,MS66,S1,U,0.808688,0.610256,-0.450256,-0.648983,-0.25153,40,400
fastshapelet,ts_500,MS66,S3,Mo,0.674438,0.771795,0.251795,0.038776,0.464814,40,400
fastshapelet,ts_500,MS66,S3,U,0.742625,-0.035897,0.120513,-0.142886,0.383911,40,400
grsf,ts_1500,64PE406E1,S5,Mo,1.0,0.799418,-0.065255,-0.444658,0.314149,40,400
grsf,ts_1500,64PE406E1,S6,Mo,0.958375,0.630946,-0.419701,-0.626621,-0.212781,40,400
grsf,ts_1500,64PE406E1,S6,U,0.983531,0.697527,-0.319967,-0.644163,0.004229,40,400
grsf,ts_500,64PE406E1,S3,Mo,1.0,0.874909,-0.241439,-0.44741,-0.035469,40,400
grsf,ts_500,64PE406E1,S3,U,0.739344,0.721573,0.540742,0.429395,0.65209,40,400
grsf,ts_500,64PE406E1,S4,Mo,0.999906,0.650254,-0.22749,-0.500119,0.045138,40,400
grsf,ts_500,64PE406E1,S4,U,0.944,0.818892,0.104145,-0.115753,0.324042,40,400
grsf,ts_500,64PE406E1,S5,Mo,0.998656,0.847188,0.406799,0.154236,0.659363,40,400
grsf,ts_500,64PE406E1,S5,U,0.817625,0.951983,0.251081,-0.109486,0.611648,40,400
grsf,ts_500,64PE406E1,S6,Mo,0.929063,0.658977,-0.258949,-0.400272,-0.117626,40,400
grsf,ts_500,64PE406E1,S6,U,0.785469,0.664202,-0.101067,-0.351746,0.149612,40,400
grsf,ts_500,MS21,S1,Mo,0.9325,0.717889,-0.353109,-0.508493,-0.197725,40,400
grsf,ts_500,MS21,S1,U,0.912031,0.513889,-0.450605,-0.534939,-0.36627,40,400
grsf,ts_500,MS66,S1,Mo,1.0,0.442532,-0.471618,-0.662682,-0.280555,40,400
grsf,ts_500,MS66,S1,U,1.0,0.63522,-0.677101,-0.781299,-0.572903,40,400
grsf,ts_500,MS66,S3,Mo,1.0,0.79316,0.21381,-0.018837,0.446457,40,400
grsf,ts_500,MS66,S3,U,0.703562,0.35443,0.154177,-0.156267,0.464621,40,400
inceptiontime,ts_1500,64PE406E1,S3,Mo,1.0,0.758974,-0.303846,-0.442698,-0.164994,40,400
inceptiontime,ts_1500,64PE406E1,S3,U,0.746688,0.923077,-0.126923,-0.394167,0.14032,40,400
inceptiontime,ts_1500,64PE406E1,S4,Mo,1.0,0.607692,-0.053077,-0.303943,0.197789,40,400
inceptiontime,ts_1500,64PE406E1,S4,U,0.997437,0.833333,-0.218462,-0.358293,-0.07863,40,400
inceptiontime,ts_1500,64PE406E1,S5,Mo,1.0,0.623077,-0.013333,-0.353952,0.327285,40,400
inceptiontime,ts_1500,64PE406E1,S5,U,0.899312,0.74359,-0.212564,-0.443237,0.018109,40,400
inceptiontime,ts_1500,64PE406E1,S6,Mo,0.946438,0.548718,0.087692,-0.169624,0.345009,40,400
inceptiontime,ts_1500,64PE406E1,S6,U,0.921688,0.676923,-0.275897,-0.578755,0.02696,40,400
inceptiontime,ts_1500,MS21,S1,Mo,0.98075,0.902541,0.135641,-0.050461,0.321744,40,400
inceptiontime,ts_1500,MS21,S1,U,0.885188,0.917255,-0.052051,-0.28604,0.181937,40,400
inceptiontime,ts_1500,MS66,S1,Mo,1.0,-0.492308,-0.007692,-0.236805,0.22142,40,400
inceptiontime,ts_1500,MS66,S1,U,1.0,0.482051,0.010256,-0.147162,0.167675,40,400
inceptiontime,ts_1500,MS66,S3,Mo,1.0,0.674359,-0.172821,-0.477966,0.132325,40,400
inceptiontime,ts_1500,MS66,S3,U,0.834812,0.771795,-0.151026,-0.430101,0.12805,40,400
inceptiontime,ts_500,64PE406E1,S3,Mo,1.0,0.858974,-0.119744,-0.345906,0.106419,40,400
inceptiontime,ts_500,64PE406E1,S3,U,0.779187,0.817949,0.015128,-0.224301,0.254557,40,400
inceptiontime,ts_500,64PE406E1,S4,Mo,0.997812,0.482051,0.163846,-0.069713,0.397405,40,400
inceptiontime,ts_500,64PE406E1,S4,U,0.99225,0.410256,-0.134615,-0.402226,0.132995,40,400
inceptiontime,ts_500,64PE406E1,S5,Mo,0.999812,0.792308,-0.044103,-0.248734,0.160529,40,400
inceptiontime,ts_500,64PE406E1,S5,U,0.832187,0.864103,0.096667,-0.160665,0.353998,40,400
inceptiontime,ts_500,64PE406E1,S6,Mo,0.881,0.482051,0.06641,-0.083856,0.216676,40,400
inceptiontime,ts_500,64PE406E1,S6,U,0.96175,0.687179,0.029487,-0.231352,0.290326,40,400
inceptiontime,ts_500,MS21,S1,Mo,0.968938,0.938462,0.219487,0.058085,0.380889,40,400
inceptiontime,ts_500,MS21,S1,U,0.953125,0.871795,0.157179,-0.021503,0.335862,40,400
inceptiontime,ts_500,MS66,S1,Mo,1.0,0.006414,0.084615,-0.162318,0.331549,40,400
inceptiontime,ts_500,MS66,S1,U,0.999938,0.361538,0.21641,0.103464,0.329356,40,400
inceptiontime,ts_500,MS66,S3,Mo,0.9985,0.769231,-0.093333,-0.357681,0.171014,40,400
inceptiontime,ts_500,MS66,S3,U,0.855625,0.728205,-0.023846,-0.293232,0.24554,40,400
lps,ts_1500,64PE406E1,S3,Mo,0.571625,-0.082051,-0.062308,-0.161859,0.037243,40,400
lps,ts_1500,64PE406E1,S3,U,0.597187,-0.04359,-0.15641,-0.275045,-0.037775,40,400
lps,ts_1500,64PE406E1,S4,Mo,0.644875,0.133333,-0.133077,-0.254616,-0.011538,40,400
lps,ts_1500,64PE406E1,S4,U,0.620375,0.330769,-0.117692,-0.218554,-0.01683,40,400
lps,ts_1500,64PE406E1,S5,Mo,0.68825,0.174359,-0.107436,-0.209327,-0.005545,40,400
lps,ts_1500,64PE406E1,S5,U,0.724438,0.058974,-0.198205,-0.249242,-0.147168,40,400
lps,ts_1500,64PE406E1,S6,Mo,0.437688,-0.002564,-0.117436,-0.220392,-0.01448,40,400
lps,ts_1500,64PE406E1,S6,U,0.40675,-0.179487,-0.09641,-0.184741,-0.008079,40,400
lps,ts_1500,MS21,S1,Mo,0.884875,0.461538,-0.138205,-0.2408,-0.03561,40,400
lps,ts_1500,MS21,S1,U,0.631938,-0.148718,-0.157692,-0.312164,-0.00322,40,400
lps,ts_1500,MS66,S1,Mo,0.865187,0.217949,-0.022821,-0.087989,0.042348,40,400
lps,ts_1500,MS66,S1,U,0.627687,-0.130769,-0.178718,-0.28554,-0.071896,40,400
lps,ts_1500,MS66,S3,Mo,0.7095,0.202564,-0.16,-0.275785,-0.044215,40,400
lps,ts_1500,MS66,S3,U,0.4805,-0.212821,-0.021026,-0.117235,0.075183,40,400
lps,ts_500,64PE406E1,S3,Mo,0.716938,0.123077,-0.073333,-0.241291,0.094625,40,400
lps,ts_500,64PE406E1,S3,U,0.45325,-0.046154,-0.084872,-0.170849,0.001105,40,400
lps,ts_500,64PE406E1,S4,Mo,0.812312,0.620513,-0.051282,-0.158085,0.055521,40,400
lps,ts_500,64PE406E1,S4,U,0.833063,0.346154,-0.122821,-0.292247,0.046606,40,400
lps,ts_500,64PE406E1,S5,Mo,0.736,0.533333,0.089744,-0.058411,0.237898,40,400
lps,ts_500,64PE406E1,S5,U,0.724125,0.453846,-0.073077,-0.220909,0.074755,40,400
lps,ts_500,64PE406E1,S6,Mo,0.590875,0.133333,-0.102564,-0.172029,-0.0331,40,400
lps,ts_500,64PE406E1,S6,U,0.313187,0.084615,0.082564,-0.099673,0.264802,40,400
lps,ts_500,MS21,S1,Mo,0.694187,-0.007692,-0.302564,-0.439446,-0.165682,40,400
lps,ts_500,MS21,S1,U,0.746875,0.020513,-0.248718,-0.393091,-0.104345,40,400
lps,ts_500,MS66,S1,Mo,0.963938,0.246154,-0.230256,-0.376465,-0.084048,40,400
lps,ts_500,MS66,S1,U,0.774438,0.04359,-0.157692,-0.361867,0.046482,40,400
lps,ts_500,MS66,S3,Mo,0.908438,0.230769,0.044872,-0.105763,0.195506,40,400
lps,ts_500,MS66,S3,U,0.422437,0.3,0.105641,0.012423,0.198859,40,400
ls,ts_500,64PE406E1,S3,Mo,0.5,0.0,0.0,0.0,0.0,40,400
ls,ts_500,64PE406E1,S3,U,0.5,0.0,0.0,0.0,0.0,40,400
ls,ts_500,64PE406E1,S4,Mo,0.5,0.0,0.0,0.0,0.0,40,400
ls,ts_500,64PE406E1,S4,U,0.5,0.0,0.0,0.0,0.0,40,400
ls,ts_500,64PE406E1,S5,Mo,0.5,0.0,0.0,0.0,0.0,40,400
ls,ts_500,64PE406E1,S5,U,0.5,0.0,0.0,0.0,0.0,40,400
ls,ts_500,64PE406E1,S6,Mo,0.5,0.0,0.0,0.0,0.0,40,400
ls,ts_500,64PE406E1,S6,U,0.5,0.0,0.0,0.0,0.0,40,400
ls,ts_500,MS21,S1,Mo,0.5,0.0,0.0,0.0,0.0,40,400
ls,ts_500,MS21,S1,U,0.5,0.0,0.0,0.0,0.0,40,400
ls,ts_500,MS66,S1,Mo,0.5,0.0,0.0,0.0,0.0,40,400
ls,ts_500,MS66,S1,U,0.5,0.0,0.0,0.0,0.0,40,400
ls,ts_500,MS66,S3,Mo,0.5,0.0,0.0,0.0,0.0,40,400
ls,ts_500,MS66,S3,U,0.5,0.0,0.0,0.0,0.0,40,400
lstm,ts_1500,64PE406E1,S3,Mo,1.0,0.497436,-0.039744,-0.302922,0.223435,40,400
lstm,ts_1500,64PE406E1,S3,U,0.704625,0.848718,-0.01359,-0.203251,0.176072,40,400
lstm,ts_1500,64PE406E1,S4,Mo,1.0,0.282051,0.072821,-0.183892,0.329533,40,400
lstm,ts_1500,64PE406E1,S4,U,0.988062,0.546154,-0.061282,-0.267435,0.144871,40,400
lstm,ts_1500,64PE406E1,S5,Mo,0.999938,0.528205,0.264103,0.075301,0.452904,40,400
lstm,ts_1500,64PE406E1,S5,U,0.90125,0.871795,0.024359,-0.209644,0.258362,40,400
lstm,ts_1500,64PE406E1,S6,Mo,0.914125,0.487179,-0.091538,-0.352791,0.169714,40,400
lstm,ts_1500,64PE406E1,S6,U,0.96725,0.382051,-0.173077,-0.462985,0.116831,40,400
lstm,ts_1500,MS21,S1,Mo,0.994937,0.728205,-0.018974,-0.272763,0.234815,40,400
lstm,ts_1500,MS21,S1,U,0.945562,0.702564,-0.154359,-0.433057,0.124339,40,400
lstm,ts_1500,MS66,S1,Mo,1.0,0.369231,-0.060256,-0.365357,0.244844,40,400
lstm,ts_1500,MS66,S1,U,1.0,0.223077,-0.171026,-0.354876,0.012824,40,400
lstm,ts_1500,MS66,S3,Mo,1.0,0.520513,0.045128,-0.162076,0.252332,40,400
lstm,ts_1500,MS66,S3,U,0.875188,0.689744,-0.21736,-0.526502,0.091782,40,400
lstm,ts_500,64PE406E1,S3,Mo,0.99925,0.746154,-0.166154,-0.377311,0.045003,40,400
lstm,ts_500,64PE406E1,S3,U,0.821875,0.602564,-0.024103,-0.258574,0.210369,40,400
lstm,ts_500,64PE406E1,S4,Mo,0.966375,0.54359,-0.081282,-0.305053,0.142489,40,400
lstm,ts_500,64PE406E1,S4,U,0.972125,0.330769,-0.287436,-0.554607,-0.020265,40,400
lstm,ts_500,64PE406E1,S5,Mo,0.993062,0.65641,0.04641,-0.13806,0.23088,40,400
lstm,ts_500,64PE406E1,S5,U,0.79875,0.853846,0.033333,-0.228634,0.295301,40,400
lstm,ts_500,64PE406E1,S6,Mo,0.891437,0.464103,0.152308,-0.017578,0.322194,40,400
lstm,ts_500,64PE406E1,S6,U,0.942063,0.687179,0.014103,-0.193664,0.221869,40,400
lstm,ts_500,MS21,S1,Mo,0.99375,0.661538,0.072564,-0.078854,0.223983,40,400
lstm,ts_500,MS21,S1,U,0.848875,0.761538,-0.302821,-0.513369,-0.092272,40,400
lstm,ts_500,MS66,S1,Mo,0.999813,0.220513,0.002051,-0.281819,0.285921,40,400
lstm,ts_500,MS66,S1,U,0.993437,0.505128,-0.046154,-0.301726,0.209418,40,400
lstm,ts_500,MS66,S3,Mo,0.953063,0.566667,-0.152308,-0.419138,0.114522,40,400
lstm,ts_500,MS66,S3,U,0.789,0.623077,0.082308,-0.09398,0.258595,40,400
minirocket,ts_1500,64PE406E1,S3,Mo,0.989,0.892308,-0.326667,-0.533039,-0.120294,40,400
minirocket,ts_1500,64PE406E1,S3,U,0.705062,0.861538,-0.222308,-0.501004,0.056388,40,400
minirocket,ts_1500,64PE406E1,S4,Mo,0.994,0.602564,-0.498205,-0.690967,-0.305443,40,400
minirocket,ts_1500,64PE406E1,S4,U,0.940625,0.302564,-0.597692,-0.755217,-0.440168,40,400
minirocket,ts_1500,64PE406E1,S5,Mo,0.972688,0.889744,0.170256,-0.103026,0.443539,40,400
minirocket,ts_1500,64PE406E1,S5,U,0.963563,0.697436,0.104872,-0.176529,0.386273,40,400
minirocket,ts_1500,64PE406E1,S6,Mo,0.514687,0.838462,0.340513,0.054189,0.626836,40,400
minirocket,ts_1500,64PE406E1,S6,U,0.758625,0.85641,0.062564,-0.128793,0.253921,40,400
minirocket,ts_1500,MS21,S1,Mo,0.937063,0.746154,0.361282,0.139421,0.583143,40,400
minirocket,ts_1500,MS21,S1,U,0.759,0.620513,-0.044615,-0.288353,0.199122,40,400
minirocket,ts_1500,MS66,S1,Mo,0.9995,0.164103,-0.353333,-0.591099,-0.115568,40,400
minirocket,ts_1500,MS66,S1,U,1.0,0.494872,-0.506154,-0.69237,-0.319938,40,400
minirocket,ts_1500,MS66,S3,Mo,0.681312,0.882051,0.445897,0.254278,0.637517,40,400
minirocket,ts_1500,MS66,S3,U,0.853625,0.774359,0.44,0.236088,0.643912,40,400
minirocket,ts_500,64PE406E1,S3,Mo,1.0,0.207692,-0.694359,-0.783748,-0.60497,40,400
minirocket,ts_500,64PE406E1,S3,U,0.775563,0.094872,-0.705897,-0.808067,-0.603728,40,400
minirocket,ts_500,64PE406E1,S4,Mo,1.0,0.282051,-0.780513,-0.87094,-0.690085,40,400
minirocket,ts_500,64PE406E1,S4,U,0.9945,0.284615,-0.837436,-0.921812,-0.75306,40,400
minirocket,ts_500,64PE406E1,S5,Mo,1.0,0.141026,-0.670769,-0.760491,-0.581048,40,400
minirocket,ts_500,64PE406E1,S5,U,0.993812,0.620513,-0.582308,-0.832226,-0.33239,40,400
minirocket,ts_500,64PE406E1,S6,Mo,0.898438,-0.041026,-0.66641,-0.775283,-0.557537,40,400
minirocket,ts_500,64PE406E1,S6,U,0.966313,-0.141026,-0.731538,-0.827391,-0.635686,40,400
minirocket,ts_500,MS21,S1,Mo,0.999437,0.615385,-0.590513,-0.681755,-0.499271,40,400
minirocket,ts_500,MS21,S1,U,0.797,0.776923,-0.586667,-0.711971,-0.461362,40,400
minirocket,ts_500,MS66,S1,Mo,0.998375,-0.735897,-0.754615,-0.911256,-0.597974,40,400
minirocket,ts_500,MS66,S1,U,1.0,-0.410256,-0.814103,-0.886685,-0.74152,40,400
minirocket,ts_500,MS66,S3,Mo,0.9995,0.2,-0.633846,-0.773326,-0.494367,40,400
minirocket,ts_500,MS66,S3,U,0.971938,0.589744,-0.60641,-0.744604,-0.468216,40,400
mrsqm,ts_1500,64PE406E1,S3,Mo,0.997625,0.584615,-0.101026,-0.334206,0.132155,40,400
mrsqm,ts_1500,64PE406E1,S3,U,0.569,0.751282,-0.05641,-0.257012,0.144191,40,400
mrsqm,ts_1500,64PE406E1,S4,Mo,0.9895,0.433333,-0.155641,-0.291967,-0.019315,40,400
mrsqm,ts_1500,64PE406E1,S4,U,0.66725,0.387179,0.018974,-0.151749,0.189698,40,400
mrsqm,ts_1500,64PE406E1,S5,Mo,0.971437,0.064103,-0.253077,-0.401581,-0.104573,40,400
mrsqm,ts_1500,64PE406E1,S5,U,0.6955,0.776923,-0.208205,-0.365422,-0.050988,40,400
mrsqm,ts_1500,64PE406E1,S6,Mo,0.8945,0.430769,-0.012564,-0.203055,0.177927,40,400
mrsqm,ts_1500,64PE406E1,S6,U,0.855,-0.041026,0.075897,-0.18263,0.334425,40,400
mrsqm,ts_1500,MS21,S1,Mo,0.734062,0.592308,-0.063333,-0.268305,0.141639,40,400
mrsqm,ts_1500,MS21,S1,U,0.962875,0.717949,-0.289487,-0.531144,-0.04783,40,400
mrsqm,ts_1500,MS66,S1,Mo,0.999188,0.128205,-0.205128,-0.390264,-0.019993,40,400
mrsqm,ts_1500,MS66,S1,U,1.0,-0.489744,-0.357179,-0.478977,-0.235382,40,400
mrsqm,ts_1500,MS66,S3,Mo,0.92975,0.497436,-0.034359,-0.314362,0.245644,40,400
mrsqm,ts_1500,MS66,S3,U,0.577312,0.515385,0.001026,-0.251305,0.253356,40,400
mrsqm,ts_500,64PE406E1,S3,Mo,0.995563,0.648718,-0.387692,-0.57352,-0.201864,40,400
mrsqm,ts_500,64PE406E1,S3,U,0.8675,0.794099,-0.086923,-0.316482,0.142636,40,400
mrsqm,ts_500,64PE406E1,S4,Mo,0.992625,0.35641,-0.448462,-0.644569,-0.252354,40,400
mrsqm,ts_500,64PE406E1,S4,U,0.996563,0.325641,-0.484359,-0.632535,-0.336183,40,400
mrsqm,ts_500,64PE406E1,S5,Mo,0.952125,0.476923,-0.177179,-0.416285,0.061926,40,400
mrsqm,ts_500,64PE406E1,S5,U,0.909125,0.397436,-0.317179,-0.45794,-0.176419,40,400
mrsqm,ts_500,64PE406E1,S6,Mo,0.8375,0.553846,-0.141026,-0.332261,0.05021,40,400
mrsqm,ts_500,64PE406E1,S6,U,0.540625,0.246154,-0.165128,-0.405344,0.075087,40,400
mrsqm,ts_500,MS21,S1,Mo,0.860812,0.5,0.216667,0.029246,0.404087,40,400
mrsqm,ts_500,MS21,S1,U,0.474688,0.264103,-0.153077,-0.332385,0.026232,40,400
mrsqm,ts_500,MS66,S1,Mo,0.999813,-0.43746,-0.250256,-0.485377,-0.015136,40,400
mrsqm,ts_500,MS66,S1,U,1.0,-0.14359,-0.344872,-0.484316,-0.205427,40,400
mrsqm,ts_500,MS66,S3,Mo,0.999,0.6,-0.101538,-0.385338,0.182261,40,400
mrsqm,ts_500,MS66,S3,U,0.567937,0.466667,-0.246923,-0.481707,-0.012139,40,400
multirocket,ts_1500,64PE406E1,S3,Mo,1.0,0.0,0.090513,-0.179113,0.360139,40,400
multirocket,ts_1500,64PE406E1,S3,U,0.673875,0.817949,0.176923,-0.099466,0.453312,40,400
multirocket,ts_1500,64PE406E1,S4,Mo,1.0,0.0,0.213077,0.017335,0.408819,40,400
multirocket,ts_1500,64PE406E1,S4,U,0.82375,0.669231,0.238718,0.031499,0.445937,40,400
multirocket,ts_1500,64PE406E1,S5,Mo,0.965062,0.64359,0.083846,-0.181659,0.349351,40,400
multirocket,ts_1500,64PE406E1,S5,U,0.539875,0.625641,-0.01,-0.235077,0.215077,40,400
multirocket,ts_1500,64PE406E1,S6,Mo,0.57325,0.423077,0.45641,0.251158,0.661663,40,400
multirocket,ts_1500,64PE406E1,S6,U,0.767375,0.594872,0.476667,0.351256,0.602077,40,400
multirocket,ts_1500,MS21,S1,Mo,0.851563,0.092308,-0.88641,-0.909467,-0.863353,40,400
multirocket,ts_1500,MS21,S1,U,0.863563,-0.407692,-0.903333,-0.927516,-0.879151,40,400
multirocket,ts_1500,MS66,S1,Mo,0.791125,0.0,0.029744,-0.106605,0.166092,40,400
multirocket,ts_1500,MS66,S1,U,0.99975,0.0,0.060769,-0.090933,0.212472,40,400
multirocket,ts_1500,MS66,S3,Mo,0.954625,0.320513,0.135897,-0.06889,0.340685,40,400
multirocket,ts_1500,MS66,S3,U,0.915125,0.671795,0.018205,-0.218888,0.255298,40,400
multirocket,ts_500,64PE406E1,S3,Mo,0.817625,0.0,-0.941538,-0.950095,-0.932982,40,400
multirocket,ts_500,64PE406E1,S3,U,0.61775,-0.784615,-0.843077,-1.044328,-0.641826,40,400
multirocket,ts_500,64PE406E1,S4,Mo,0.863437,0.0,-0.940513,-0.957755,-0.923271,40,400
multirocket,ts_500,64PE406E1,S4,U,0.655625,-0.915385,-0.942564,-0.956801,-0.928328,40,400
multirocket,ts_500,64PE406E1,S5,Mo,0.719625,0.0,-0.737949,-1.002266,-0.473631,40,400
multirocket,ts_500,64PE406E1,S5,U,0.783625,0.0,-0.746154,-1.013184,-0.479124,40,400
multirocket,ts_500,64PE406E1,S6,Mo,0.468719,0.0,0.0,0.0,0.0,40,400
multirocket,ts_500,64PE406E1,S6,U,0.857156,0.0,0.0,0.0,0.0,40,400
multirocket,ts_500,MS21,S1,Mo,0.71825,-0.64359,-0.680256,-0.745283,-0.61523,40,400
multirocket,ts_500,MS21,S1,U,0.650188,-0.382051,-0.722051,-0.799925,-0.644178,40,400
multirocket,ts_500,MS66,S1,Mo,0.812938,-0.94359,-0.974872,-0.979424,-0.970319,40,400
multirocket,ts_500,MS66,S1,U,0.737375,-0.966667,-0.972051,-0.977878,-0.966225,40,400
multirocket,ts_500,MS66,S3,Mo,0.907062,0.0,0.0,0.0,0.0,40,400
multirocket,ts_500,MS66,S3,U,0.820187,0.0,-0.185897,-0.452061,0.080266,40,400
patchtst,ts_1500,64PE406E1,S3,Mo,0.999188,0.605128,-0.663077,-0.73963,-0.586524,40,400
patchtst,ts_1500,64PE406E1,S3,U,0.885562,0.728205,-0.555128,-0.646779,-0.463477,40,400
patchtst,ts_1500,64PE406E1,S4,Mo,1.0,0.684615,-0.645641,-0.755558,-0.535724,40,400
patchtst,ts_1500,64PE406E1,S4,U,0.97625,0.65641,-0.568205,-0.644912,-0.491498,40,400
patchtst,ts_1500,64PE406E1,S5,Mo,0.994875,0.833333,-0.570256,-0.693376,-0.447137,40,400
patchtst,ts_1500,64PE406E1,S5,U,0.855063,0.7,-0.624359,-0.71435,-0.534368,40,400
patchtst,ts_1500,64PE406E1,S6,Mo,0.877,0.04359,-0.527179,-0.638539,-0.41582,40,400
patchtst,ts_1500,64PE406E1,S6,U,0.6215,0.258974,-0.215385,-0.395113,-0.035656,40,400
patchtst,ts_1500,MS21,S1,Mo,0.999563,0.661538,0.208974,-0.000117,0.418066,40,400
patchtst,ts_1500,MS21,S1,U,0.763625,0.838462,0.068718,-0.119703,0.257139,40,400
patchtst,ts_1500,MS66,S1,Mo,1.0,0.05641,-0.308974,-0.497233,-0.120715,40,400
patchtst,ts_1500,MS66,S1,U,1.0,0.338462,-0.422308,-0.646399,-0.198217,40,400
patchtst,ts_1500,MS66,S3,Mo,0.999563,0.787179,-0.587179,-0.697631,-0.476728,40,400
patchtst,ts_1500,MS66,S3,U,0.586625,0.587179,-0.321795,-0.526029,-0.117561,40,400
patchtst,ts_500,64PE406E1,S3,Mo,1.0,0.569231,-0.380769,-0.558027,-0.203512,40,400
patchtst,ts_500,64PE406E1,S3,U,0.81775,0.889744,0.195897,-0.063887,0.455682,40,400
patchtst,ts_500,64PE406E1,S4,Mo,1.0,0.676923,-0.034872,-0.264533,0.194789,40,400
patchtst,ts_500,64PE406E1,S4,U,0.986875,0.651282,-0.115641,-0.316165,0.084883,40,400
patchtst,ts_500,64PE406E1,S5,Mo,0.999312,0.923077,-0.151795,-0.411911,0.108322,40,400
patchtst,ts_500,64PE406E1,S5,U,0.855438,0.928205,-0.147692,-0.360737,0.065353,40,400
patchtst,ts_500,64PE406E1,S6,Mo,0.934438,0.466667,-0.059487,-0.255734,0.13676,40,400
patchtst,ts_500,64PE406E1,S6,U,0.93275,0.533333,-0.161282,-0.388512,0.065948,40,400
patchtst,ts_500,MS21,S1,Mo,0.979938,0.805128,0.268974,0.134832,0.403117,40,400
patchtst,ts_500,MS21,S1,U,0.703937,0.771795,0.064103,-0.207092,0.335297,40,400
patchtst,ts_500,MS66,S1,Mo,1.0,-0.607692,0.155128,-0.139024,0.44928,40,400
patchtst,ts_500,MS66,S1,U,1.0,0.34359,-0.013846,-0.156003,0.12831,40,400
patchtst,ts_500,MS66,S3,Mo,0.999875,0.692308,-0.137179,-0.400056,0.125698,40,400
patchtst,ts_500,MS66,S3,U,0.835875,0.766667,-0.235641,-0.398386,-0.072896,40,400
rdst,ts_1500,64PE406E1,S3,Mo,0.5,0.0,0.0,0.0,0.0,40,400
rdst,ts_1500,64PE406E1,S3,U,0.5,0.0,0.0,0.0,0.0,40,400
rdst,ts_1500,64PE406E1,S4,Mo,0.5,0.0,0.0,0.0,0.0,40,400
rdst,ts_1500,64PE406E1,S4,U,0.5,0.0,0.0,0.0,0.0,40,400
rdst,ts_1500,64PE406E1,S5,Mo,0.5,0.0,0.0,0.0,0.0,40,400
rdst,ts_1500,64PE406E1,S5,U,0.5,0.0,0.0,0.0,0.0,40,400
rdst,ts_1500,64PE406E1,S6,Mo,0.5,0.0,0.0,0.0,0.0,40,400
rdst,ts_1500,64PE406E1,S6,U,0.5,0.0,0.0,0.0,0.0,40,400
rdst,ts_1500,MS21,S1,Mo,0.5,0.0,0.0,0.0,0.0,40,400
rdst,ts_1500,MS21,S1,U,0.5,0.0,0.0,0.0,0.0,40,400
rdst,ts_1500,MS66,S1,Mo,0.5,0.0,0.0,0.0,0.0,40,400
rdst,ts_1500,MS66,S1,U,0.5,0.0,0.0,0.0,0.0,40,400
rdst,ts_1500,MS66,S3,Mo,0.5,0.0,0.0,0.0,0.0,40,400
rdst,ts_1500,MS66,S3,U,0.5,0.0,0.0,0.0,0.0,40,400
rdst,ts_500,64PE406E1,S3,Mo,0.7,-0.051162,0.0,0.0,0.0,40,400
rdst,ts_500,64PE406E1,S3,U,0.5375,0.356846,0.0,0.0,0.0,40,400
rdst,ts_500,64PE406E1,S4,Mo,0.775,0.608166,0.0,0.0,0.0,40,400
rdst,ts_500,64PE406E1,S4,U,0.55,0.423701,0.0,0.0,0.0,40,400
rdst,ts_500,64PE406E1,S5,Mo,0.525,0.090358,0.0,0.0,0.0,40,400
rdst,ts_500,64PE406E1,S5,U,0.5625,0.446599,0.0,0.0,0.0,40,400
rdst,ts_500,64PE406E1,S6,Mo,0.49875,0.0,-0.020067,-0.063133,0.022999,40,400
rdst,ts_500,64PE406E1,S6,U,0.4825,0.0,-0.061922,-0.173522,0.049678,40,400
rdst,ts_500,MS21,S1,Mo,0.79,0.620174,0.26416,0.102633,0.425687,40,400
rdst,ts_500,MS21,S1,U,0.675,0.698131,0.130276,-0.005612,0.266163,40,400
rdst,ts_500,MS66,S1,Mo,0.9375,0.208413,0.0,0.0,0.0,40,400
rdst,ts_500,MS66,S1,U,0.725,0.618961,0.0,0.0,0.0,40,400
rdst,ts_500,MS66,S3,Mo,0.8375,0.173916,0.0,0.0,0.0,40,400
rdst,ts_500,MS66,S3,U,0.5125,0.200673,0.0,0.0,0.0,40,400
resnet,ts_1500,64PE406E1,S3,Mo,1.0,0.466667,-0.234359,-0.348544,-0.120174,40,400
resnet,ts_1500,64PE406E1,S3,U,0.743,0.825641,-0.130256,-0.385473,0.12496,40,400
resnet,ts_1500,64PE406E1,S4,Mo,1.0,0.417949,-0.058205,-0.266533,0.150122,40,400
resnet,ts_1500,64PE406E1,S4,U,0.993688,0.75641,-0.096154,-0.294131,0.101823,40,400
resnet,ts_1500,64PE406E1,S5,Mo,0.999625,0.571795,-0.036923,-0.243701,0.169855,40,400
resnet,ts_1500,64PE406E1,S5,U,0.942125,0.738462,-0.142308,-0.347806,0.063191,40,400
resnet,ts_1500,64PE406E1,S6,Mo,0.930687,0.54359,-0.075897,-0.343131,0.191336,40,400
resnet,ts_1500,64PE406E1,S6,U,0.948,0.625641,-0.283333,-0.485596,-0.081071,40,400
resnet,ts_1500,MS21,S1,Mo,0.9705,0.777921,0.028974,-0.142741,0.20069,40,400
resnet,ts_1500,MS21,S1,U,0.954812,0.905128,-0.050513,-0.231796,0.13077,40,400
resnet,ts_1500,MS66,S1,Mo,1.0,-0.235897,-0.173077,-0.382087,0.035933,40,400
resnet,ts_1500,MS66,S1,U,1.0,0.033333,-0.196154,-0.327415,-0.064892,40,400
resnet,ts_1500,MS66,S3,Mo,1.0,0.612821,-0.224359,-0.46699,0.018272,40,400
resnet,ts_1500,MS66,S3,U,0.901062,0.761538,-0.211026,-0.438233,0.016181,40,400
resnet,ts_500,64PE406E1,S3,Mo,1.0,0.561538,-0.173846,-0.344555,-0.003137,40,400
resnet,ts_500,64PE406E1,S3,U,0.8215,0.825641,-0.072821,-0.363693,0.218052,40,400
resnet,ts_500,64PE406E1,S4,Mo,0.999875,0.78127,-0.009487,-0.220424,0.20145,40,400
resnet,ts_500,64PE406E1,S4,U,0.988625,0.682051,-0.068205,-0.255072,0.118662,40,400
resnet,ts_500,64PE406E1,S5,Mo,1.0,0.784615,-0.083333,-0.299968,0.133301,40,400
resnet,ts_500,64PE406E1,S5,U,0.915125,0.846154,-0.078974,-0.314901,0.156953,40,400
resnet,ts_500,64PE406E1,S6,Mo,0.927687,0.679487,0.04,-0.175713,0.255713,40,400
resnet,ts_500,64PE406E1,S6,U,0.932187,0.617949,-0.223846,-0.387781,-0.059911,40,400
resnet,ts_500,MS21,S1,Mo,0.982812,0.917371,0.206154,0.015485,0.396823,40,400
resnet,ts_500,MS21,S1,U,0.9955,0.884615,0.294615,0.138589,0.450642,40,400
resnet,ts_500,MS66,S1,Mo,1.0,0.091084,-0.136923,-0.326844,0.052998,40,400
resnet,ts_500,MS66,S1,U,1.0,0.497436,-0.098974,-0.269643,0.071694,40,400
resnet,ts_500,MS66,S3,Mo,0.999313,0.505128,-0.251282,-0.492477,-0.010087,40,400
resnet,ts_500,MS66,S3,U,0.912188,0.738462,-0.175897,-0.3883,0.036505,40,400
rnn_fcn,ts_1500,64PE406E1,S3,Mo,1.0,0.74359,-0.244872,-0.455249,-0.034495,40,400
rnn_fcn,ts_1500,64PE406E1,S3,U,0.808562,0.84359,0.065641,-0.107517,0.238799,40,400
rnn_fcn,ts_1500,64PE406E1,S4,Mo,1.0,0.725641,-0.175385,-0.321488,-0.029281,40,400
rnn_fcn,ts_1500,64PE406E1,S4,U,0.94975,0.671795,0.034872,-0.132589,0.202332,40,400
rnn_fcn,ts_1500,64PE406E1,S5,Mo,0.999813,0.692308,-0.002821,-0.197622,0.191981,40,400
rnn_fcn,ts_1500,64PE406E1,S5,U,0.889313,0.830769,-0.117179,-0.330836,0.096477,40,400
rnn_fcn,ts_1500,64PE406E1,S6,Mo,0.927937,0.512821,0.004359,-0.172596,0.181314,40,400
rnn_fcn,ts_1500,64PE406E1,S6,U,0.951375,0.384615,-0.094103,-0.305226,0.117021,40,400
rnn_fcn,ts_1500,MS21,S1,Mo,0.94,0.833333,-0.114615,-0.320344,0.091113,40,400
rnn_fcn,ts_1500,MS21,S1,U,0.92025,0.807692,-0.075897,-0.315553,0.163758,40,400
rnn_fcn,ts_1500,MS66,S1,Mo,1.0,0.007692,-0.09641,-0.303135,0.110314,40,400
rnn_fcn,ts_1500,MS66,S1,U,1.0,0.394872,-0.307692,-0.426458,-0.188927,40,400
rnn_fcn,ts_1500,MS66,S3,Mo,1.0,0.589744,-0.132308,-0.33716,0.072545,40,400
rnn_fcn,ts_1500,MS66,S3,U,0.835,0.797436,-0.277692,-0.41407,-0.141315,40,400
rnn_fcn,ts_500,64PE406E1,S3,Mo,1.0,0.638462,-0.502308,-0.611069,-0.393546,40,400
rnn_fcn,ts_500,64PE406E1,S3,U,0.812937,0.830769,0.021538,-0.264991,0.308068,40,400
rnn_fcn,ts_500,64PE406E1,S4,Mo,1.0,0.705128,-0.231282,-0.492842,0.030278,40,400
rnn_fcn,ts_500,64PE406E1,S4,U,0.978438,0.592308,-0.322051,-0.538953,-0.10515,40,400
rnn_fcn,ts_500,64PE406E1,S5,Mo,0.999312,0.666667,-0.145897,-0.40676,0.114965,40,400
rnn_fcn,ts_500,64PE406E1,S5,U,0.918187,0.897436,-0.18,-0.384283,0.024283,40,400
rnn_fcn,ts_500,64PE406E1,S6,Mo,0.854,0.5,0.198462,-0.019407,0.41633,40,400
rnn_fcn,ts_500,64PE406E1,S6,U,0.98025,0.428205,-0.21,-0.409373,-0.010627,40,400
rnn_fcn,ts_500,MS21,S1,Mo,0.92575,0.676923,0.260513,0.109448,0.411578,40,400
rnn_fcn,ts_500,MS21,S1,U,0.865687,0.892308,0.120769,-0.018584,0.260123,40,400
rnn_fcn,ts_500,MS66,S1,Mo,1.0,-0.097436,-0.253077,-0.538669,0.032515,40,400
rnn_fcn,ts_500,MS66,S1,U,1.0,0.425641,-0.364103,-0.556014,-0.172191,40,400
rnn_fcn,ts_500,MS66,S3,Mo,0.998688,0.625641,-0.137692,-0.429019,0.153635,40,400
rnn_fcn,ts_500,MS66,S3,U,0.90275,0.812821,-0.374103,-0.527708,-0.220497,40,400
rocket,ts_1500,64PE406E1,S3,Mo,0.9915,0.787179,-0.697436,-0.810709,-0.584163,40,400
rocket,ts_1500,64PE406E1,S3,U,0.907312,0.176923,-0.607949,-0.878816,-0.337081,40,400
rocket,ts_1500,64PE406E1,S4,Mo,0.99025,0.6,-0.681538,-0.841887,-0.521189,40,400
rocket,ts_1500,64PE406E1,S4,U,0.97625,0.794872,-0.609487,-0.852756,-0.366218,40,400
rocket,ts_1500,64PE406E1,S5,Mo,1.0,0.605128,-0.258974,-0.595443,0.077494,40,400
rocket,ts_1500,64PE406E1,S5,U,0.836187,0.623077,-0.494615,-0.726454,-0.262777,40,400
rocket,ts_1500,64PE406E1,S6,Mo,0.793562,0.802564,-0.134103,-0.518276,0.250071,40,400
rocket,ts_1500,64PE406E1,S6,U,0.995125,0.438462,-0.307949,-0.651915,0.036017,40,400
rocket,ts_1500,MS21,S1,Mo,0.98625,0.148718,-0.106154,-0.380506,0.168199,40,400
rocket,ts_1500,MS21,S1,U,0.837,0.605128,-0.404872,-0.696174,-0.11357,40,400
rocket,ts_1500,MS66,S1,Mo,1.0,-0.279487,-0.434103,-0.711932,-0.156273,40,400
rocket,ts_1500,MS66,S1,U,1.0,0.54359,-0.58641,-0.7583,-0.41452,40,400
rocket,ts_1500,MS66,S3,Mo,0.978437,0.674359,-0.345897,-0.648808,-0.042987,40,400
rocket,ts_1500,MS66,S3,U,0.405,0.412821,-0.107692,-0.472438,0.257053,40,400
rocket,ts_500,64PE406E1,S3,Mo,1.0,0.810256,-0.430769,-0.669633,-0.191905,40,400
rocket,ts_500,64PE406E1,S3,U,0.93,0.569231,-0.20359,-0.502279,0.095099,40,400
rocket,ts_500,64PE406E1,S4,Mo,1.0,0.282051,-0.168718,-0.545203,0.207767,40,400
rocket,ts_500,64PE406E1,S4,U,0.996625,0.694872,-0.344615,-0.662053,-0.027178,40,400
rocket,ts_500,64PE406E1,S5,Mo,0.999188,0.464103,-0.445385,-0.656621,-0.234148,40,400
rocket,ts_500,64PE406E1,S5,U,0.931812,0.846154,-0.405897,-0.663395,-0.1484,40,400
rocket,ts_500,64PE406E1,S6,Mo,0.908187,0.797436,-0.382051,-0.509354,-0.254749,40,400
rocket,ts_500,64PE406E1,S6,U,0.99975,0.361538,-0.322821,-0.541711,-0.10393,40,400
rocket,ts_500,MS21,S1,Mo,0.989187,0.769231,-0.017436,-0.282179,0.247308,40,400
rocket,ts_500,MS21,S1,U,0.891563,0.623077,-0.076154,-0.262434,0.110127,40,400
rocket,ts_500,MS66,S1,Mo,1.0,0.510256,0.220256,-0.084022,0.524534,40,400
rocket,ts_500,MS66,S1,U,1.0,0.007692,-0.039744,-0.29409,0.214603,40,400
rocket,ts_500,MS66,S3,Mo,0.999938,0.774359,-0.227949,-0.522981,0.067083,40,400
rocket,ts_500,MS66,S3,U,0.673687,0.8,-0.143846,-0.423809,0.136116,40,400
saxvsm,ts_500,64PE406E1,S3,Mo,1.0,-0.148718,-0.215641,-0.361261,-0.070021,40,400
saxvsm,ts_500,64PE406E1,S3,U,0.808312,0.441026,-0.218974,-0.363199,-0.07475,40,400
saxvsm,ts_500,64PE406E1,S4,Mo,0.718313,-0.046154,-0.032308,-0.193822,0.129207,40,400
saxvsm,ts_500,64PE406E1,S4,U,0.802687,0.076923,-0.155641,-0.274542,-0.03674,40,400
saxvsm,ts_500,64PE406E1,S5,Mo,0.9785,-0.002564,-0.268462,-0.38544,-0.151483,40,400
saxvsm,ts_500,64PE406E1,S5,U,0.818375,0.582051,-0.177692,-0.347592,-0.007793,40,400
saxvsm,ts_500,64PE406E1,S6,Mo,0.723812,0.115385,-0.38,-0.511212,-0.248788,40,400
saxvsm,ts_500,64PE406E1,S6,U,0.858187,0.3,-0.349487,-0.484904,-0.21407,40,400
saxvsm,ts_500,MS21,S1,Mo,0.444688,0.123077,0.146054,0.04987,0.242238,40,400
saxvsm,ts_500,MS21,S1,U,0.505625,0.012954,-0.032772,-0.097533,0.031989,40,400
saxvsm,ts_500,MS66,S1,Mo,0.636188,-0.702564,0.078205,-0.03332,0.189731,40,400
saxvsm,ts_500,MS66,S1,U,0.918687,-0.048718,0.028718,-0.057799,0.115235,40,400
saxvsm,ts_500,MS66,S3,Mo,0.9625,-0.038462,-0.258974,-0.384072,-0.133876,40,400
saxvsm,ts_500,MS66,S3,U,0.828375,0.346154,-0.365641,-0.464197,-0.267085,40,400
st,ts_1500,64PE406E1,S4,Mo,1.0,0.796763,-0.43171,-0.628398,-0.235023,40,400
st,ts_1500,64PE406E1,S5,Mo,1.0,0.898895,-0.268909,-0.569254,0.031436,40,400
st,ts_1500,64PE406E1,S5,U,0.988375,0.935283,-0.380336,-0.657481,-0.103192,40,400
st,ts_1500,64PE406E1,S6,Mo,0.827219,0.22659,-0.017509,-0.350606,0.315588,40,400
st,ts_1500,64PE406E1,S6,U,0.562844,0.07215,0.314707,0.027661,0.601752,40,400
st,ts_500,64PE406E1,S3,Mo,0.998094,0.823775,-0.706913,-0.791669,-0.622157,40,400
st,ts_500,64PE406E1,S3,U,0.61925,0.494852,-0.351164,-0.57934,-0.122987,40,400
st,ts_500,64PE406E1,S4,Mo,0.999187,0.625965,-0.407951,-0.701666,-0.114236,40,400
st,ts_500,64PE406E1,S4,U,0.991938,0.597453,-0.472897,-0.603056,-0.342738,40,400
st,ts_500,64PE406E1,S5,Mo,0.998969,0.665868,-0.089013,-0.453435,0.275409,40,400
st,ts_500,64PE406E1,S5,U,0.983625,0.900664,-0.383053,-0.665712,-0.100394,40,400
st,ts_500,64PE406E1,S6,Mo,0.966063,0.497457,-0.304365,-0.617413,0.008684,40,400
st,ts_500,64PE406E1,S6,U,0.89875,0.494532,-0.00395,-0.376729,0.36883,40,400
st,ts_500,MS21,S1,Mo,0.966844,0.839131,-0.105099,-0.359517,0.149319,40,400
st,ts_500,MS21,S1,U,0.956438,0.849047,-0.099967,-0.40206,0.202125,40,400
st,ts_500,MS66,S1,Mo,1.0,-0.002661,-0.399404,-0.670167,-0.128641,40,400
st,ts_500,MS66,S1,U,1.0,0.497803,-0.3843,-0.696093,-0.072507,40,400
st,ts_500,MS66,S3,Mo,0.989719,0.819456,-0.360509,-0.581533,-0.139485,40,400
st,ts_500,MS66,S3,U,0.724969,0.53609,-0.317579,-0.647228,0.012069,40,400
tcn,ts_1500,64PE406E1,S3,Mo,1.0,0.623077,-0.524615,-0.648155,-0.401076,40,400
tcn,ts_1500,64PE406E1,S3,U,0.713938,0.779487,-0.060769,-0.294505,0.172966,40,400
tcn,ts_1500,64PE406E1,S4,Mo,1.0,0.679487,-0.210513,-0.443229,0.022203,40,400
tcn,ts_1500,64PE406E1,S4,U,0.988438,0.751282,-0.064103,-0.244822,0.116617,40,400
tcn,ts_1500,64PE406E1,S5,Mo,1.0,0.466667,-0.255385,-0.491341,-0.019428,40,400
tcn,ts_1500,64PE406E1,S5,U,0.928937,0.697436,-0.541026,-0.63336,-0.448692,40,400
tcn,ts_1500,64PE406E1,S6,Mo,0.958,0.505128,-0.287949,-0.445074,-0.130823,40,400
tcn,ts_1500,64PE406E1,S6,U,0.958937,0.582051,-0.590769,-0.72233,-0.459208,40,400
tcn,ts_1500,MS21,S1,Mo,0.960812,0.692308,0.055897,-0.149214,0.261008,40,400
tcn,ts_1500,MS21,S1,U,0.81,0.794872,0.021026,-0.20105,0.243101,40,400
tcn,ts_1500,MS66,S1,Mo,1.0,0.333333,-0.056667,-0.356915,0.243582,40,400
tcn,ts_1500,MS66,S1,U,1.0,0.578576,-0.02641,-0.330128,0.277307,40,400
tcn,ts_1500,MS66,S3,Mo,0.999812,0.569231,-0.300769,-0.508946,-0.092592,40,400
tcn,ts_1500,MS66,S3,U,0.923625,0.641026,-0.61359,-0.740649,-0.48653,40,400
tcn,ts_500,64PE406E1,S3,Mo,1.0,0.566667,-0.194615,-0.402787,0.013556,40,400
tcn,ts_500,64PE406E1,S3,U,0.610437,0.858974,0.047436,-0.217131,0.312003,40,400
tcn,ts_500,64PE406E1,S4,Mo,0.997062,0.720513,0.018718,-0.192821,0.230257,40,400
tcn,ts_500,64PE406E1,S4,U,0.984813,0.479487,-0.15359,-0.383668,0.076489,40,400
tcn,ts_500,64PE406E1,S5,Mo,0.998437,0.758974,-0.051282,-0.266213,0.163649,40,400
tcn,ts_500,64PE406E1,S5,U,0.872375,0.894872,0.061282,-0.193764,0.316328,40,400
tcn,ts_500,64PE406E1,S6,Mo,0.8425,0.384615,0.095128,-0.077853,0.26811,40,400
tcn,ts_500,64PE406E1,S6,U,0.974625,0.497436,-0.242051,-0.430375,-0.053728,40,400
tcn,ts_500,MS21,S1,Mo,0.958688,0.846154,0.183846,0.031581,0.336111,40,400
tcn,ts_500,MS21,S1,U,0.65025,0.853846,-0.077179,-0.291582,0.137223,40,400
tcn,ts_500,MS66,S1,Mo,1.0,0.233333,0.149231,-0.14659,0.445051,40,400
tcn,ts_500,MS66,S1,U,0.999125,0.597436,0.282308,0.050956,0.513659,40,400
tcn,ts_500,MS66,S3,Mo,0.993188,0.697436,-0.071538,-0.329138,0.186061,40,400
tcn,ts_500,MS66,S3,U,0.901,0.653846,-0.064103,-0.383331,0.255126,40,400
tsbf,ts_1500,64PE406E1,S3,Mo,0.473344,0.339935,-0.46865,-0.567552,-0.369748,40,400
tsbf,ts_1500,64PE406E1,S3,U,0.680063,-0.05215,-0.525197,-0.617812,-0.432582,40,400
tsbf,ts_1500,64PE406E1,S4,Mo,0.604813,-0.218777,-0.602915,-0.681716,-0.524114,40,400
tsbf,ts_1500,64PE406E1,S4,U,0.583125,-0.307904,-0.492418,-0.67571,-0.309126,40,400
tsbf,ts_1500,64PE406E1,S5,Mo,0.638375,-0.401771,-0.292905,-0.454001,-0.13181,40,400
tsbf,ts_1500,64PE406E1,S5,U,0.4305,0.028536,-0.153471,-0.315775,0.008833,40,400
tsbf,ts_1500,64PE406E1,S6,Mo,0.113062,-0.469259,0.147206,-0.122846,0.417258,40,400
tsbf,ts_1500,64PE406E1,S6,U,0.574937,0.33722,0.16838,-0.005574,0.342333,40,400
tsbf,ts_1500,MS21,S1,Mo,0.904188,0.493906,0.049432,-0.104756,0.203621,40,400
tsbf,ts_1500,MS21,S1,U,0.6655,0.448718,0.126343,0.008533,0.244154,40,400
tsbf,ts_1500,MS66,S1,Mo,0.945937,0.692412,-0.103175,-0.312642,0.106292,40,400
tsbf,ts_1500,MS66,S1,U,0.983938,0.330759,0.000676,-0.236459,0.237811,40,400
tsbf,ts_1500,MS66,S3,Mo,0.320375,0.111698,-0.045298,-0.368995,0.2784,40,400
tsbf,ts_1500,MS66,S3,U,0.695563,0.030212,-0.069683,-0.272824,0.133458,40,400
tsbf,ts_500,64PE406E1,S3,Mo,0.89575,0.435897,0.187166,0.009904,0.364428,40,400
tsbf,ts_500,64PE406E1,S3,U,0.674438,0.721438,0.114986,-0.185106,0.415077,40,400
tsbf,ts_500,64PE406E1,S4,Mo,0.9305,0.417949,0.038393,-0.13605,0.212837,40,400
tsbf,ts_500,64PE406E1,S4,U,0.919438,0.163135,-0.030136,-0.213359,0.153088,40,400
tsbf,ts_500,64PE406E1,S5,Mo,0.892188,0.715385,0.052261,-0.090501,0.195023,40,400
tsbf,ts_500,64PE406E1,S5,U,0.789563,0.653823,0.01194,-0.224535,0.248414,40,400
tsbf,ts_500,64PE406E1,S6,Mo,0.885406,-0.014166,-0.035718,-0.183753,0.112318,40,400
tsbf,ts_500,64PE406E1,S6,U,0.777375,0.044958,-0.019178,-0.159625,0.121268,40,400
tsbf,ts_500,MS21,S1,Mo,0.971125,0.438462,-0.33359,-0.40761,-0.259569,40,400
tsbf,ts_500,MS21,S1,U,0.857375,0.207692,-0.349231,-0.432816,-0.265645,40,400
tsbf,ts_500,MS66,S1,Mo,0.965812,-0.058974,-0.133238,-0.374074,0.107598,40,400
tsbf,ts_500,MS66,S1,U,0.91475,0.366667,0.053972,-0.065918,0.173862,40,400
tsbf,ts_500,MS66,S3,Mo,0.967,0.424631,-0.14656,-0.346354,0.053234,40,400
tsbf,ts_500,MS66,S3,U,0.899062,0.528884,-0.016536,-0.236595,0.203523,40,400
tsf,ts_1500,64PE406E1,S3,Mo,1.0,0.637851,-0.065498,-0.350562,0.219566,40,400
tsf,ts_1500,64PE406E1,S3,U,0.7325,0.810159,-0.289074,-0.521643,-0.056505,40,400
tsf,ts_1500,64PE406E1,S4,Mo,1.0,0.694321,-0.143782,-0.417278,0.129714,40,400
tsf,ts_1500,64PE406E1,S4,U,0.95775,0.592389,-0.265748,-0.58338,0.051884,40,400
tsf,ts_1500,64PE406E1,S5,Mo,1.0,0.631581,-0.14191,-0.37628,0.09246,40,400
tsf,ts_1500,64PE406E1,S5,U,0.845156,0.43654,-0.123616,-0.471882,0.22465,40,400
tsf,ts_1500,64PE406E1,S6,Mo,0.96275,0.395877,0.183946,-0.093274,0.461167,40,400
tsf,ts_1500,64PE406E1,S6,U,0.447094,0.866788,-0.013027,-0.359134,0.33308,40,400
tsf,ts_1500,MS21,S1,Mo,0.992781,0.823878,-0.025844,-0.286839,0.235151,40,400
tsf,ts_1500,MS21,S1,U,0.775281,0.764086,-0.157904,-0.402199,0.086392,40,400
tsf,ts_1500,MS66,S1,Mo,1.0,-0.347822,-0.100174,-0.366497,0.166149,40,400
tsf,ts_1500,MS66,S1,U,1.0,0.554342,0.096339,-0.212496,0.405173,40,400
tsf,ts_1500,MS66,S3,Mo,1.0,0.755381,-0.090635,-0.401102,0.219832,40,400
tsf,ts_1500,MS66,S3,U,0.721781,0.864689,0.082144,-0.2777,0.441988,40,400
tsf,ts_500,64PE406E1,S3,Mo,0.999625,0.900425,-0.591577,-0.849596,-0.333558,40,400
tsf,ts_500,64PE406E1,S3,U,0.667563,0.885037,-0.093041,-0.35701,0.170928,40,400
tsf,ts_500,64PE406E1,S4,Mo,1.0,0.850927,-0.346278,-0.590366,-0.102189,40,400
tsf,ts_500,64PE406E1,S4,U,0.998781,0.659803,-0.316964,-0.573956,-0.059973,40,400
tsf,ts_500,64PE406E1,S5,Mo,1.0,0.850526,-0.10528,-0.473079,0.262518,40,400
tsf,ts_500,64PE406E1,S5,U,0.773312,0.893454,-0.309873,-0.555833,-0.063914,40,400
tsf,ts_500,64PE406E1,S6,Mo,0.928813,0.684822,-0.21251,-0.595,0.169981,40,400
tsf,ts_500,64PE406E1,S6,U,0.745063,0.644303,-0.191584,-0.453838,0.07067,40,400
tsf,ts_500,MS21,S1,Mo,0.969594,0.784772,-0.177881,-0.470239,0.114477,40,400
tsf,ts_500,MS21,S1,U,0.786438,0.690679,-0.013821,-0.230346,0.202703,40,400
tsf,ts_500,MS66,S1,Mo,1.0,0.059903,-0.24993,-0.567802,0.067942,40,400
tsf,ts_500,MS66,S1,U,1.0,0.552883,0.025412,-0.234167,0.284991,40,400
tsf,ts_500,MS66,S3,Mo,0.941531,0.932845,-0.126917,-0.42848,0.174646,40,400
tsf,ts_500,MS66,S3,U,0.644531,0.881033,-0.505317,-0.751786,-0.258849,40,400
weasel2,ts_1500,64PE406E1,S3,Mo,0.5,0.0,0.0,0.0,0.0,40,400
weasel2,ts_1500,64PE406E1,S3,U,0.5,0.0,0.0,0.0,0.0,40,400
weasel2,ts_1500,64PE406E1,S4,Mo,0.5,0.0,0.0,0.0,0.0,40,400
weasel2,ts_1500,64PE406E1,S4,U,0.5,0.0,0.0,0.0,0.0,40,400
weasel2,ts_1500,64PE406E1,S5,Mo,0.5,0.0,0.0,0.0,0.0,40,400
weasel2,ts_1500,64PE406E1,S5,U,0.5,0.0,0.0,0.0,0.0,40,400
weasel2,ts_1500,64PE406E1,S6,Mo,0.5,0.0,0.0,0.0,0.0,40,400
weasel2,ts_1500,64PE406E1,S6,U,0.5,0.0,0.0,0.0,0.0,40,400
weasel2,ts_1500,MS21,S1,Mo,0.5,0.0,0.0,0.0,0.0,40,400
weasel2,ts_1500,MS21,S1,U,0.5,0.0,0.0,0.0,0.0,40,400
weasel2,ts_1500,MS66,S1,Mo,0.5,0.0,0.0,0.0,0.0,40,400
weasel2,ts_1500,MS66,S1,U,0.5,0.0,0.0,0.0,0.0,40,400
weasel2,ts_1500,MS66,S3,Mo,0.5,0.0,0.0,0.0,0.0,40,400
weasel2,ts_1500,MS66,S3,U,0.5,0.0,0.0,0.0,0.0,40,400
weasel2,ts_500,64PE406E1,S3,Mo,0.5,0.0,0.0,0.0,0.0,40,400
weasel2,ts_500,64PE406E1,S3,U,0.5,0.0,0.0,0.0,0.0,40,400
weasel2,ts_500,64PE406E1,S4,Mo,0.5,0.0,0.0,0.0,0.0,40,400
weasel2,ts_500,64PE406E1,S4,U,0.5,0.0,0.0,0.0,0.0,40,400
weasel2,ts_500,64PE406E1,S5,Mo,0.5,0.0,0.0,0.0,0.0,40,400
weasel2,ts_500,64PE406E1,S5,U,0.5,0.0,0.0,0.0,0.0,40,400
weasel2,ts_500,64PE406E1,S6,Mo,0.5,0.0,0.0,0.0,0.0,40,400
weasel2,ts_500,64PE406E1,S6,U,0.5,0.0,0.0,0.0,0.0,40,400
weasel2,ts_500,MS21,S1,Mo,0.74875,0.0,-0.253374,-0.458856,-0.047891,40,400
weasel2,ts_500,MS21,S1,U,0.62875,-0.384912,-0.239605,-0.3505,-0.12871,40,400
weasel2,ts_500,MS66,S1,Mo,0.5,0.0,0.0,0.0,0.0,40,400
weasel2,ts_500,MS66,S1,U,0.5,0.0,0.0,0.0,0.0,40,400
weasel2,ts_500,MS66,S3,Mo,0.5,0.0,0.0,0.0,0.0,40,400
weasel2,ts_500,MS66,S3,U,0.5,0.0,0.0,0.0,0.0,40,400
