age_kyr_bp,Al,Ba,Mo,Ti,U,Al_trend,Al_residuals,Ba_trend,Ba_residuals,Mo_trend,Mo_residuals,Ti_trend,Ti_residuals,U_trend,U_residuals
14.992,77947.86,213.684,2.428,7287.879,2.119,76682.75274629479,1265.1072537052096,223.15174902306038,-9.467749023060378,1.775681617379893,0.6523183826201069,7131.745699913622,156.13330008637786,2.2708257950127715,-0.15182579501277127
14.975,75352.128,179.609,2.248,7544.163,1.99,76814.30333591369,-1462.1753359136928,223.2711937990902,-43.662193799090204,1.7742589203759187,0.4737410796240815,7145.403807093115,398.7591929068849,2.272651262860525,-0.2826512628605251
14.957,76863.098,255.558,1.909,7176.018,2.17,76946.29978909032,-83.20178909032256,223.37915235623956,32.178847643760434,1.7726207481224192,0.13637925187758082,7159.10242269889,16.915577301109806,2.27426461423177,-0.10426461423177003
14.94,78551.089,273.456,2.162,7380.721,4.058,77064.21714234787,1486.871857652135,223.46415472573054,49.99184527426948,1.7709342131416148,0.3910657868583851,7171.327810032992,209.39318996700786,2.2754872826918255,1.7825127173081743
14.923,78836.114,220.063,2.367,7434.037,2.042,77175.7196247626,1660.3943752374034,223.5332203762468,-3.4702203762468002,1.7690981487097344,0.5979018512902656,7182.869595496778,251.16740450322231,2.276420106914994,-0.23442010691499426
14.905,79790.244,246.722,1.538,7675.346,2.788,77286.94050743041,2503.3034925695974,223.5895900080159,23.132409991984105,1.7669762922659578,-0.22897629226595773,7194.3543050236385,480.99169497636103,2.277096921966593,0.5109030780334067
14.888,77062.175,211.658,1.277,7302.226,3.167,77385.66504568496,-323.4900456849573,223.6275993607294,-11.969599360729404,1.7647911981443625,-0.48779119814436256,7204.514515971045,97.71148402895506,2.277449373765036,0.8895506262349637
14.871,77771.538,235.098,1.862,7271.153,1.5,77478.39147934578,293.1465206542198,223.65141482965143,11.446585170348584,1.7624182871373164,0.09958171286268369,7214.016320593952,57.13667940604864,2.2775319616676333,-0.7775319616676333
14.854,79066.077,232.191,2.053,7260.454,2.501,77565.25542809875,1500.8215719012514,223.66163914077396,8.529360859226045,1.7598470477521384,0.29315295224786153,7222.868003615427,37.585996384572354,2.2773552447235828,0.22364475527641714
14.837,80009.471,190.143,1.362,7386.476,2.557,77646.39178828892,2363.079211711083,223.6588867633107,-33.515886763310704,1.757068270114981,-0.3950682701149808,7231.077841252447,155.39815874755277,2.276931763646493,0.28006823635350697
14.82,79256.294,239.563,1.222,7492.22,2.101,77721.93457817877,1534.3594218212238,223.64378135406923,15.919218645930755,1.7540742189235257,-0.5320742189235257,7238.6540919394865,253.56590806051372,2.276276012959227,-0.17527601295922723
14.802,79863.602,250.064,3.31,7514.319,3.035,77795.97209644887,2067.629903551133,223.6150236266463,26.4489763733537,1.750662656087186,1.559337343912814,7245.994570270814,268.3244297291867,2.2753467819181883,0.7596532180818119
14.785,80522.238,245.394,3.385,7412.354,2.581,77860.41646821963,2661.8215317803697,223.57647505728187,21.817524942718137,1.7472081701665365,1.6377918298334633,7252.292291274745,160.0617087252549,2.2742665249742,0.30673347502579995
14.768,79843.973,181.045,2.424,7597.967,1.7,77919.67093162774,1924.302068372257,223.52751239112834,-42.48251239112835,1.743525507863871,0.680474492136129,7257.981563309097,339.98543669090304,2.273009885293817,-0.573009885293817
14.751,79199.329,254.405,1.092,7200.302,3.074,77973.8653519093,1225.463648090692,223.46877161268475,30.936228387315253,1.739614409437656,-0.6476144094376559,7263.070583158763,-62.76858315876325,2.271598627203466,0.8024013727965338
14.733,79492.257,218.01,1.654,7149.095,2.95,78025.87563850963,1466.381361490363,223.39662126063882,-5.386621260638833,1.7352263623754354,-0.08122636237543546,7267.813821475768,-118.71882147576798,2.26996174431825,0.6800382556817501
14.716,79097.422,247.824,1.839,7205.528,3.02,78070.05720015014,1027.3647998498636,223.31973709335642,24.50426290664359,1.7308532473960265,0.10814675260397344,7271.692888583204,-66.16488858320372,2.268307081298412,0.7516929187015879
14.699,79309.843,222.959,1.576,7151.257,1.646,78109.57030083497,1200.272699165027,223.23499321779354,-0.27599321779354113,1.7262643341409167,-0.15026433414091667,7274.996891658312,-123.73989165831244,2.26657332206028,-0.62057332206028
14.682,79263.703,221.136,1.518,7311.093,2.005,78144.54145786705,1119.161542132948,223.14300059299038,-2.00700059299038,1.7214683027813718,-0.20346830278137173,7277.734161638979,33.3588383610213,2.26478756582046,-0.25978756582046003
14.665,80244.404,258.021,2.213,7627.461,2.74,78175.0966632437,2069.30733675629,223.04435868586944,34.976641314130575,1.7164760930810496,0.49652390691895043,7279.913109813862,347.5478901861379,2.2629778075181752,0.477022192481825
14.647,82126.345,234.679,3.089,8001.376,2.375,78202.77559146236,3923.5694085376454,222.93331781202696,11.745682187973046,1.7109910734434841,1.3780089265565159,7281.621142557537,719.7548574424636,2.2610673338143448,0.11393266618565523
14.63,80550.098,265.166,1.591,7537.598,3.31,78224.63440428245,2325.4635957175487,222.82281422505565,42.343185774944345,1.7056388785811627,-0.11463887858116273,7282.677547558531,254.92045244146902,2.259299076962604,1.0507009230373963
14.613,80075.048,212.346,2.752,8022.329,2.139,78242.4609464615,1832.5870535384893,222.7074032787717,-10.36140327877169,1.700137606107199,1.0518623938928007,7283.202084578008,739.1269154219917,2.257595939319713,-0.11859593931971313
14.595,79220.282,204.222,1.839,7727.158,1.753,78257.08045898665,963.2015410133608,222.58044683528837,-18.358446835288362,1.6941720636479283,0.1448279363520717,7283.187723526907,443.9702764730937,2.25589643116498,-0.5028964311649802
14.578,79175.447,219.652,1.461,7086.664,1.476,78267.00048555597,908.4465144440328,222.45658836280919,-2.8045883628091985,1.6884277159554868,-0.22742771595548672,7282.645679853394,-195.98167985339387,2.2544202063667886,-0.7784202063667887
14.561,79558.717,228.247,2.474,7294.678,1.321,78273.27291231533,1285.4440876846784,222.32938645327198,5.917613546728035,1.682600085737707,0.7913999142622932,7281.5998292599625,13.078170740037422,2.253098673673306,-0.9320986736733061
14.544,79776.155,190.544,1.81,7538.743,2.5,78276.02452004867,1500.130479951331,222.1993060851472,-31.655306085147203,1.676714122210189,0.13328587778981116,7280.059813271289,258.683186728711,2.25196010708398,0.24803989291602013
14.527,79324.28,190.71,1.332,7409.475,2.025,78275.38288540792,1048.8971145920805,222.06678710868596,-31.35678710868595,1.6707961860818266,-0.3387961860818265,7278.035548847185,131.4394511528153,2.251031882145563,-0.22603188214556313
14.509,79439.845,197.088,1.177,7368.327,2.77,78271.14786995488,1168.697130045126,221.92427404886567,-24.836274048865675,1.6645259525151137,-0.48752595251511366,7275.375760238455,92.95123976154537,2.2503074580094196,0.5196925419905805
14.492,78615.374,219.191,1.637,7298.137,1.844,78263.92620166088,351.4477983391116,221.78800620442541,-2.597006204425412,1.6586301435813997,-0.021630143581399697,7272.3870687673425,25.749931232657218,2.249893373167943,-0.40589337316794283
14.475,77399.804,201.116,1.689,7350.606,1.942,78253.70831912616,-853.904319126159,221.65047771755417,-20.534477717554154,1.6527896424312205,0.03621035756877955,7268.9464791066,81.65952089339953,2.249765291902141,-0.3077652919021412
14.458,79305.815,206.746,1.583,7361.201,2.081,78240.626854315,1065.188145684995,221.51201600109576,-14.76601600109575,1.6470343930553826,-0.06403439305538261,7265.065334284302,96.13566571569845,2.249944506688042,-0.16894450668804195
14.441,78845.923,254.161,2.051,7594.808,2.47,78224.81613914375,621.1068608562491,221.3729190243074,32.788080975692594,1.6413946289586114,0.4096053710413887,7260.755412438087,334.05258756191324,2.25045023039469,0.21954976960531036
14.423,80278.549,228.483,1.582,7541.33,2.258,78205.25200141448,2073.296998585516,221.2252450366422,7.257754963357797,1.6355826256380888,-0.05358262563808869,7255.738235064786,285.5917649352141,2.2513603469970582,0.006639653002941781
14.407,78854.76,214.854,1.934,7387.914,3.275,78185.55384824678,669.2061517532129,221.09386221450004,-6.239862214500022,1.6305824104591267,0.3034175895408733,7250.898743870963,137.01525612903697,2.252506375107909,1.0224936248920908
14.391,80491.273,218.407,2.148,7638.032,2.094,78163.80563802319,2327.4673619768146,220.96255029944928,-2.5555502994492656,1.625764111382748,0.5222358886172522,7245.7133688676095,392.3186311323907,2.2539797962770187,-0.15997979627701886
14.374,79426.678,241.771,2.434,7475.804,1.741,78138.58509132598,1288.0929086740216,220.8232764045822,20.947723595417784,1.6208708724510692,0.813129127548931,7239.83786618408,235.96613381592033,2.255912330844774,-0.5149123308447741
14.358,79281.113,290.644,1.722,7484.459,2.055,78112.98678522925,1168.1262147707457,220.69255883485707,69.95144116514294,1.6165028213367663,0.10549717866323371,7233.976176193946,250.4828238060536,2.258081894517666,-0.20308189451766578
14.342,77690.955,228.869,1.682,7575.538,1.64,78085.70929300298,-394.754293002974,220.56230006003443,8.306699939965569,1.612387618929675,0.06961238107032486,7227.805590511745,347.73240948825423,2.260594080432435,-0.6205940804324352
14.327,76834.491,160.879,0.92,7571.157,1.185,78058.72303179814,-1224.2320317981503,220.4406724111786,-59.56167241117862,1.608777978733722,-0.6887779787337219,7221.751806596862,349.4051934031386,2.263260355811547,-1.078260355811547
14.312,78462.21,192.746,0.628,7327.998,0.977,78030.47608743797,431.7339125620347,220.31957145031063,-27.573571450310624,1.6054253199451074,-0.9774253199451074,7215.449360281289,112.54863971871055,2.266225477484111,-1.289225477484111
14.297,77698.179,233.908,0.958,7175.846,1.286,78001.07519821134,-302.89619821133965,220.19903311588772,13.708966884112272,1.6023447182126218,-0.6443447182126218,7208.9099859275675,-33.063985927567956,2.2694851618459855,-0.9834851618459854
14.282,79395.205,219.322,1.452,6989.728,1.753,77970.628817749,1424.5761822509958,220.0790789968696,-0.757078996869609,1.5995499540900493,-0.14754995409004934,7202.145883729629,-212.41788372962856,2.273033023316259,-0.5200330233162591
14.267,77192.537,200.319,1.037,7070.243,2.77,77939.24709328936,-746.7100932893663,219.95971728347985,-19.64071728347986,1.5970534020474239,-0.5600534020474239,7195.169729483303,-124.92672948330255,2.2768605661557864,0.49313943384421366
14.252,77494.585,242.882,0.807,7056.7,1.361,77907.04181864386,-412.4568186438555,219.84094381798363,23.041056182016376,1.5948659290134461,-0.7878659290134461,7187.994680728963,-131.2946807289636,2.28095719271215,-0.9199571927121502
14.237,77377.943,186.957,1.191,7089.151,1.574,77874.1263592677,-496.1833592676994,219.72274324005468,-32.76574324005469,1.5929968038045041,-0.4019968038045041,7180.634378687384,-91.48337868738417,2.285310229047632,-0.7113102290476319
14.222,76959.162,190.75,1.023,7081.176,2.474,77840.615547054,-881.4535470539995,219.60509021983123,-28.855090219831226,1.5914536187740527,-0.5684536187740528,7173.102945422756,-91.92694542275603,2.289904968776562,0.18409503122343818
14.207,76732.924,221.148,1.476,6935.878,1.306,77806.6255427716,-1073.701542771596,219.48795077023186,1.6600492297681342,1.5902422249685486,-0.11424222496854863,7165.414975696223,-229.53697569622364,2.294724735772237,-0.9887247357722369
14.192,77441.168,244.653,0.994,6853.424,2.137,77772.27366446095,-331.1056644609489,219.37128362854367,25.281716371456326,1.5893666819994996,-0.5953666819994996,7157.585523020226,-304.161523020226,2.299750966200884,-0.16275096620088414
14.177,79398.343,215.022,1.307,7028.274,2.195,77737.67818058451,1660.664819415484,219.25504169574523,-4.233041695745243,1.5888292237328727,-0.2818292237328728,7149.630079488649,-121.3560794886489,2.3049633101018614,-0.10996331010186156
14.162,78328.613,235.698,1.296,7202.573,3.194,77702.9580672924,625.6549327075918,219.13917352053352,16.55882647946649,1.5886302407554354,-0.2926302407554353,7141.564549040404,61.0084509595963,2.3103397524617115,0.8836602475382884
14.147,76449.83,219.807,1.689,7037.224,1.625,77668.23272980339,-1218.4027298033907,219.02362481362528,0.7833751863747125,1.588768280401958,0.100231719598042,7133.405213913486,-96.18121391348541,2.315856753428798,-0.6908567534287982
14.132,78709.914,230.048,0.848,7131.021,1.792,77633.6216885984,1076.2923114016012,218.90833997666186,11.139660023338138,1.589240064918269,-0.741240064918269,7125.168694161697,5.852305838302527,2.3214894069906427,-0.5294894069906426
14.117,75812.417,181.37,1.171,7062.96,2.276,77599.24423186708,-1786.8272318670788,218.79326362899997,-37.42326362899996,1.5900405280949066,-0.41904052809490655,7116.871900234605,-53.91190023460513,2.3272116170948958,-0.05121161709489597
14.102,75504.234,180.929,1.548,6968.509,2.585,77565.21903641347,-2060.9850364134763,218.67834211488235,-37.74934211488235,1.5911628704381253,-0.04316287043812528,7108.531978760169,-140.02297876016928,2.33299628984568,0.25200371015432
14.087,76535.743,173.076,1.128,7284.003,1.554,77531.66375999548,-995.9207599954825,218.56352497298906,-45.487524972989064,1.5925986326541892,-0.4645986326541893,7100.166251815481,183.8367481845189,2.338815540059554,-0.7848155400595538
14.072,78077.238,282.952,1.487,6967.355,4.833,77498.69460881945,578.5433911805449,218.44876635021657,64.50323364978343,1.594337786915641,-0.10733778691564089,7091.792150119925,-124.43715011992572,2.344640910130301,2.4883590898696992
14.057,78620.308,210.893,0.981,7066.641,2.506,77466.42588460966,1153.882115390341,218.33402634174848,-7.441026341748483,1.596368845062118,-0.6153688450621181,7083.427140732618,-16.78614073261815,2.350443598840119,0.15555640115988068
14.042,77787.856,227.374,0.936,7212.423,1.509,77434.96951630188,352.8864836981229,218.2192722400933,9.154727759906706,1.5986789825719279,-0.6626789825719278,7075.088649977406,137.33435002259375,2.356194697477753,-0.8471946974777529
14.027,77649.292,225.196,0.835,7242.096,1.408,77404.43458194139,244.8574180586147,218.10447967676947,7.091520323230526,1.6012541768332174,-0.7662541768332174,7066.793982449223,175.30201755077633,2.36186543039221,-0.9538654303922103
14.012,77584.844,229.261,0.684,7420.052,1.344,77374.92682678378,209.91717321622127,217.98963364172528,11.271366358274719,1.6040793579548513,-0.9200793579548513,7058.560237070865,361.4917629291349,2.3674273969336523,-1.0234273969336523
13.997,76834.894,255.595,0.87,7221.71,2.614,77346.54818387734,-511.654183877341,217.8747293673533,37.7202706326467,1.6071385700964287,-0.7371385700964287,7050.4042212646455,171.30577873535458,2.37285281161872,0.2411471883812797
13.982,79765.273,236.758,1.168,7240.369,2.256,77319.3963035426,2445.8766964574024,217.7597730660792,18.99822693392082,1.6104151410732745,-0.4424151410732746,7042.342364375783,198.0266356242164,2.3781147393123026,-0.12211473931230277
13.967,78295.402,226.843,1.731,7554.201,2.264,77293.564098142,1001.8379018580017,217.64478251290421,9.198217487095775,1.613891857813634,0.117108142186366,7034.390631530204,519.8103684697962,2.383187322245231,-0.1191873222452311
13.877,74641.639,249.811,2.339,6784.844,5.437,77170.78722074133,-2529.1482207413355,216.95664401148662,32.85435598851339,1.6379680133172163,0.7010319866827837,6989.807826551676,-204.963826551676,2.4083853916807314,3.028614608319269
13.862,75914.349,171.738,1.964,7026.873,4.165,77156.31317271026,-1241.9641727102571,216.84293005540485,-45.10493005540485,1.6423555173860973,0.32164448261390266,6983.018188165675,43.85481183432421,2.4115402694186048,1.7534597305813953
13.846,76921.677,200.87,1.9,7000.058,3.204,77142.91125781703,-221.23425781703554,216.72223418095416,-15.852234180954156,1.6471056133345174,0.2528943866654825,6976.00963653892,24.048363461080044,2.41453589170206,0.7894641082979401
13.831,75264.628,168.436,2.19,7118.749,1.553,77132.29342703594,-1867.6654270359431,216.60977227436595,-48.173772274365945,1.6516092744402688,0.5383907255597311,6969.667226441175,149.08177355882435,2.416988780870804,-0.863988780870804
13.816,77333.762,242.599,2.494,6861.11,2.428,77123.58716418236,210.174835817641,216.49811253990424,26.10088746009575,1.6561480104805812,0.837851989519419,6963.553153945579,-102.44315394557907,2.4190913437993418,0.008908656200658172
13.801,75203.241,223.586,2.573,6791.134,2.364,77116.81228196736,-1913.5712819673645,216.3873941021757,7.198605897824308,1.6607094683401977,0.9122905316598022,6957.673742504374,-166.53974250437386,2.4208398207183075,-0.05683982071830762
13.786,76107.792,146.724,1.502,6981.545,1.535,77111.98128436992,-1004.189284369917,216.2777630145768,-69.55376301457682,1.6652824356756573,-0.16328243567565726,6952.03422527664,29.510774723359646,2.42223277784416,-0.88723277784416
13.77,75368.754,197.29,1.169,6791.446,1.899,77108.97662940517,-1740.2226294051652,216.16219298151577,-18.87219298151578,1.670161682439636,-0.5011616824396359,6946.287805619504,-154.84180561950416,2.4233277303205716,-0.5243277303205716
13.755,75575.91,217.391,2.251,6764.228,2.217,77108.17173461088,-1532.2617346108746,216.05529599430832,1.3357040056916674,1.6747280455998563,0.5762719544001436,6941.155984881286,-176.92798488128574,2.4239911117449466,-0.20699111174494655
13.74,76219.809,253.298,1.383,6687.763,2.099,77109.3046133855,-889.4956133855012,215.9499663954084,37.34803360459159,1.6792790556865094,-0.29627905568650936,6936.273363981441,-248.51036398144151,2.4243084701665087,-0.32530847016650855
13.725,74558.028,223.167,2.016,6644.037,2.023,77112.35933469239,-2554.3313346923824,215.84636751715556,7.320632482844445,1.6838084496087347,0.33219155039126536,6931.640838450863,-287.6038384508629,2.4242871364710012,-0.4012871364710011
13.709,76965.033,218.469,1.588,6989.611,1.826,77117.71061132281,-152.67761132281157,215.7379554754992,2.7310445245007884,1.6886103033808282,-0.1006103033808281,6926.974997970133,62.636002029867086,2.423901496147819,-0.5979014961478191
13.694,75770.933,258.245,2.116,6755.904,2.967,77124.65902770207,-1353.7260277020687,215.63845649362798,42.60654350637202,1.6930803245292196,0.42291967547078047,6922.857904357827,-166.9539043578261,2.423211424620015,0.5437885753799852
13.679,77368.635,287.98,1.98,6689.421,2.846,77133.44100635081,235.19399364918354,215.54119444972682,72.4388055502732,1.6975168897365125,0.2824831102634875,6918.987559985544,-229.5665599855438,2.4222163955664584,0.4237836044335417
13.663,77820.422,229.845,1.987,6795.612,3.429,77144.78346583509,675.6385341649147,215.4400980116455,14.40490198835451,1.702210541812129,0.28478945818787116,6915.127848178306,-119.51584817830553,2.420834916332527,1.008165083667473
13.649,78442.628,196.383,1.419,6913.26,3.454,77156.33741426712,1286.2905857328733,215.3540327442422,-18.971032744242194,1.7062841576895624,-0.2872841576895624,6911.974577908009,1.2854220919907675,2.4193695515466755,1.0346304484533246
13.637,76295.399,243.677,1.837,6719.713,4.195,77167.41813569453,-872.0191356945288,215.28214337967302,28.394856620326976,1.7097512349853439,0.1272487650146561,6909.43525049508,-189.72225049508052,2.4179336956140935,1.7770663043859067
13.625,75624.339,254.996,1.939,6674.773,6.468,77179.5557453437,-1555.2167453436996,215.21207388188049,39.783926118119524,1.7131961564792209,0.2258038435207792,6907.044047223636,-232.27104722363583,2.4163413320826335,4.0516586679173665
13.612,76940.607,276.3,2.829,6702.559,2.799,77193.86238411366,-253.25538411365415,215.1383086928193,61.16169130718072,1.7169041345176623,1.1120958654823379,6904.617345212411,-202.05834521241104,2.4144505276119603,0.3845494723880396
13.6,77530.196,181.627,1.615,7011.552,2.878,77208.10272923828,322.0932707617176,215.07227700085565,-33.44527700085564,1.7203059210594587,-0.10530592105945868,6902.525082961596,109.02691703840355,2.4125625457128903,0.4654374542871098
13.589,74862.263,211.887,1.633,6799.662,2.043,77221.99899133894,-2359.7359913389373,215.01354891079063,-3.126548910790632,1.723407756442005,-0.09040775644200494,6900.72880167502,-101.06680167501963,2.41072035180282,-0.36772035180282003
13.58,76664.985,247.43,2.439,6726.53,3.953,77233.9486448011,-568.9636448011006,214.96681945378361,32.46318054621639,1.7259347819987993,0.7130652180012007,6899.343644601584,-172.8136446015842,2.4091393773718845,1.5438606226281153
13.57,75914.841,192.256,2.33,6898.115,2.564,77247.81825246828,-1332.9772524682776,214.916329915952,-22.66032991595199,1.7287321040287527,0.6012678959712474,6897.8917270243655,0.22327297563424509,2.407310574429884,0.15668942557011611
13.561,77645.517,191.972,1.933,6895.829,4.466,77260.8165935491,384.7004064509092,214.87220909715813,-22.900209097158125,1.7312411223780786,0.20175887762192146,6896.661619947032,-0.8326199470320717,2.405604502382075,2.0603954976179253
13.551,77490.381,235.567,1.769,6713.542,3.814,77275.81174658454,214.56925341545139,214.82468682337418,20.742313176625828,1.7340204471892413,0.034979552810758596,6895.377811671229,-181.83581167122884,2.4036475945573614,1.4103524054426386
13.542,76826.982,212.467,1.88,6747.085,2.117,77289.78648245215,-462.8044824521494,214.78329650750425,-2.3162965075042337,1.736515165903463,0.1434848340965369,6894.295137310681,-147.2101373106807,2.4018360848154474,-0.2848360848154474
13.532,74940.443,187.901,2.421,6843.424,2.243,77305.82488733644,-2365.381887336436,214.73887247376325,-26.83787247376324,1.739280791508142,0.6817192084918577,6893.170729337309,-49.74672933730926,2.3997730086877294,-0.15677300868772948
13.523,76424.5,261.77,1.976,6722.29,2.715,77320.7002963214,-896.2002963214036,214.7003264662479,47.06967353375208,1.7417652034276618,0.23423479657233814,6892.227450459701,-169.9374504597008,2.3978758380832863,0.31712416191671355
13.513,75511.039,177.975,1.433,6853.646,1.443,77337.69610562375,-1826.6571056237444,214.65912251569296,-36.68412251569296,1.7445216641741774,-0.31152166417417737,6891.253315829614,-37.60731582961398,2.395728551142397,-0.9527285511423971
13.504,77590.937,224.112,2.332,6782.806,2.837,77353.3934951014,237.543504898611,214.62352627255075,9.488473727449247,1.7469999038396924,0.5850000961603075,6890.441062105668,-107.63506210566811,2.3937654208623775,0.44323457913762265
13.494,75589.52,195.385,1.319,7029.768,2.066,77371.25780999401,-1781.7378099940106,214.5856548603663,-19.200654860366313,1.7497518147327136,-0.4307518147327136,6889.607750694987,140.16024930501317,2.3915556959075506,-0.32555569590755074
13.484,74409.696,200.3,1.606,6758.945,2.779,77389.54264019002,-2979.8466401900223,214.5495793672259,-14.249579367225891,1.7525031679755219,-0.14650316797552176,6888.844678939607,-129.89967893960693,2.389321735053887,0.389678264946113
13.475,75131.477,164.488,1.357,6883.148,2.676,77406.33732344651,-2274.8603234465118,214.51866937934784,-50.03066937934784,1.754979932589723,-0.3979799325897231,6888.215731796323,-5.067731796322732,2.387295291139652,0.28870470886034827
13.465,75139.241,216.87,1.551,6693.691,1.235,77425.35019580353,-2286.1091958035395,214.48607970493134,2.3839202950686627,1.7577336070867011,-0.2067336070867012,6887.578641142944,-193.88764114294463,2.3850313472296394,-1.1500313472296393
13.456,75495.205,192.047,1.487,6736.596,1.992,77442.75779769773,-1947.5527976977319,214.45834781907595,-22.411347819075957,1.7602143850333687,-0.2732143850333686,6887.058641898849,-150.46264189884914,2.3829872276560256,-0.39098722765602556
13.446,75840.372,181.707,1.204,7083.644,1.093,77462.4042617843,-1622.0322617842903,214.42933236748618,-32.72233236748619,1.7629745735771059,-0.5589745735771059,6886.537661027458,197.1063389725423,2.38071380950647,-1.28771380950647
13.436,73627.755,177.463,1.309,6827.081,1.796,77482.34577562034,-3854.590775620338,214.4022304119636,-36.93923041196359,1.7657397496205038,-0.4567397496205039,6886.073815041211,-58.99281504121063,2.378443388049779,-0.5824433880497788
13.427,75581.674,198.072,1.628,6793.181,1.622,77500.52334017068,-1918.84934017068,214.37949169177182,-16.307491691771816,1.7682334920736102,-0.14023349207361036,6885.70294192199,-92.52194192199022,2.3764069907226393,-0.7544069907226392
13.417,74549.942,229.639,1.424,6761.498,1.602,77520.95179318052,-2971.0097931805212,214.35608085487618,15.282919145123827,1.7710108102682218,-0.3470108102682219,6885.340121427744,-123.84212142774413,2.3741568750594073,-0.7721568750594072
13.408,76135.705,174.543,1.491,6840.405,2.054,77539.52398625987,-1403.8189862598665,214.33669445102527,-39.79369445102526,1.773516913234137,-0.28251691323413697,6885.055753627894,-44.65075362789412,2.3721471186993774,-0.3181471186993776
13.398,74848.027,192.146,1.546,6723.312,2.032,77560.34233610061,-2712.3153361006116,214.3170398137511,-22.171039813751122,1.7763094116011149,-0.23030941160111484,6884.784173286187,-161.47217328618717,2.369935644368204,-0.337935644368204
13.388,75946.256,203.08,1.381,6527.248,1.509,77581.32681923201,-1635.0708192320162,214.2993852784524,-11.219385278452393,1.7791109168465145,-0.39811091684651445,6884.556734194155,-357.3087341941555,2.367751521168368,-0.8587515211683683
13.379,75682.275,206.239,1.478,6665.495,2.743,77600.33263181997,-1918.0576318199746,214.28521816116375,-8.04621816116375,1.7816404523953573,-0.3036404523953573,6884.387598561242,-218.89259856124227,2.3658130238430957,0.3771869761569042
13.369,77314.745,218.471,1.916,6649.707,1.856,77621.55858973262,-306.8135897326283,214.2714023151423,4.199597684857707,1.7844605809970182,0.13153941900298172,6884.236787862078,-234.52978786207768,2.3636934788206787,-0.5076934788206786
13.36,76963.337,251.791,1.6,6499.595,2.527,77640.73809974632,-677.4010997463192,214.26071051677195,37.530289483228046,1.7870075841081645,-0.18700758410816443,6884.132414187148,-384.537414187148,2.3618202302964457,0.1651797697035544
13.35,76689.104,156.94,1.925,6871.433,1.839,77662.10874346447,-973.0047434644657,214.2507768431938,-57.31077684319379,1.7898477231745922,0.13515227682540787,6884.048961378413,-12.615961378412976,2.359780799931929,-0.5207807999319289
13.341,78259.253,228.968,2.009,6654.094,2.719,77681.37518304514,577.8778169548605,214.24359587644884,14.724404123551153,1.7924131146634807,0.21658688533651915,6884.001137431103,-229.90713743110337,2.3579862384874897,0.3610137615125102
13.331,76729.685,240.454,1.534,6658.677,3.325,77702.79459443365,-973.1095944336557,214.23757989747327,26.21642010252674,1.7952739153537576,-0.26127391535375755,6883.976076985907,-225.29907698590705,2.35604123649673,0.9689587635032701
13.322,77759.328,196.424,1.304,6719.049,2.145,77722.06217436848,37.265825631518965,214.23393826627182,-17.809938266271814,1.797857941193207,-0.4938579411932069,6883.976888146787,-164.92788814678715,2.3543376791489306,-0.20933767914893053
13.312,78886.716,194.991,1.205,6958.385,2.365,77743.43573847163,1143.2802615283726,214.23186788948078,-19.240867889480768,1.8007392947163043,-0.5957392947163043,6884.0016097263015,74.38339027369875,2.3525001539364467,0.012499846063553477
13.302,77060.361,235.153,1.035,6719.149,2.479,77764.74773806709,-704.3867380670854,214.23188288079837,20.921117119201625,1.8036311615352179,-0.7686311615352179,6884.0492077779945,-164.90020777799418,2.350723999571385,0.12827600042861498
13.293,77476.777,204.232,1.765,6881.769,2.923,77783.85487021573,-307.07787021572585,214.2336832560955,-10.001683256095504,1.8062425390810883,-0.041242539081088436,6884.109776079618,-2.340776079618081,2.3491804703559165,0.5738195296440836
13.283,78985.058,308.996,1.533,6661.981,1.737,77804.98009436378,1180.0779056362226,214.2376725280376,94.75832747196239,1.8091533100241075,-0.2761533100241076,6884.194800714136,-222.2138007141366,2.3475292079779173,-0.6105292079779172
13.274,76560.386,176.819,1.49,7012.887,2.35,77823.87859330325,-1263.49259330325,214.24305507940898,-37.42405507940899,1.8117808688570816,-0.32178086885708157,6884.285613839871,128.60138616012864,2.3461026207618025,0.0038973792381975514
13.264,76155.425,172.247,1.085,6966.188,1.91,77844.72762236818,-1689.302622368181,214.2510287704126,-42.00402877041259,1.8147085037782293,-0.7297085037782294,6884.40054453394,81.78745546606024,2.3445860031739074,-0.4345860031739075
13.255,76714.17,241.089,1.499,6773.555,3.03,77863.33822182822,-1149.1682218282222,214.25999965985466,26.829000340145342,1.8173500740699133,-0.3183500740699132,6884.51505332594,-110.96005332593995,2.3432845446226302,0.6867154553773696
13.245,76912.568,218.278,1.58,6885.982,2.537,77883.82443349273,-971.2564334927301,214.27196139084535,4.006038609154643,1.8202917988349006,-0.24029179883490048,6884.652865000492,1.3291349995079145,2.341911013607817,0.19508898639218275
13.236,77064.856,220.898,1.503,6986.15,1.351,77902.0705701992,-837.2145701991976,214.28452102697702,6.613478973022978,1.8229445647960005,-0.31994456479600064,6884.784980000073,101.36501999992652,2.3407416951721363,-0.9897416951721363
13.227,77253.897,211.194,2.267,6652.948,1.597,77920.11821305251,-666.2212130525149,214.29877913259557,-3.1047791325955814,1.8256014741874624,0.44139852581253747,6884.923447917498,-231.97544791749806,2.3396370822711026,-0.7426370822711026
13.217,77254.867,277.134,1.798,6843.07,1.58,77939.91872769155,-685.0517276915489,214.31661137438934,62.817388625610675,1.8285574431576415,-0.030557443157641417,6885.08328853993,-42.01328853993073,2.3384870688867947,-0.7584870688867946
13.208,77184.72,189.693,1.47,7007.443,2.197,77957.49477181406,-772.7747718140599,214.33444874489084,-24.641448744890823,1.8312203008970596,-0.3612203008970596,6885.2312774298625,122.21172257013768,2.3375228234315735,-0.1405228234315734
13.199,77725.546,246.349,1.71,6936.774,1.883,77974.82334478339,-249.2773447833897,214.35397731758354,31.995022682416447,1.8338845282269445,-0.12388452822694451,6885.382049573536,51.391950426464064,2.336626598455064,-0.45362659845506403
13.189,78096.195,193.738,1.321,7086.417,1.765,77993.7689270883,102.42607291170862,214.3776549704704,-20.63965497047039,1.8368451635837215,-0.5158451635837216,6885.55158289941,200.8654171005901,2.3357115683583602,-0.5707115683583603
13.18,78144.891,258.982,1.187,6867.902,2.049,78010.52655110118,134.36444889882114,214.4007417026902,44.58125829730983,1.8395089226966026,-0.6525089226966025,6885.7049041856935,-17.802904185693478,2.3349615092461966,-0.2859615092461967
13.171,79027.664,224.255,1.63,7061.481,2.643,78026.9916708275,1000.6723291725066,214.42550693403786,9.82949306596214,1.8421707660018372,-0.21217076600183726,6885.857978042981,175.62302195701886,2.3342816616501683,0.30871833834983153
13.162,76661.375,191.206,1.551,7143.439,1.639,78043.15072965415,-1381.775729654153,214.4519454389516,-23.245945438951622,1.8448295442460387,-0.2938295442460388,6886.00994768945,257.4290523105501,2.333672501486079,-0.6946725014860788
13.153,80229.71,244.22,2.187,7001.628,2.206,78058.99064398496,2170.719356015048,214.48005143597558,29.739948564024417,1.8474840686071405,0.3395159313928593,6886.16001410209,115.46798589790978,2.3331343976839225,-0.12713439768392254
13.145,78575.687,283.023,1.211,7141.363,1.391,78072.79245015478,502.8945498452231,214.5064293021801,68.51657069781993,1.8498390852414908,-0.6388390852414907,6886.291208334374,255.07179166562673,2.3327159516222853,-0.9417159516222853
13.136,78870.294,177.731,2.003,7173.725,2.142,78087.9955747227,782.2984252772876,214.53766725706242,-36.80666725706243,1.8524822064882023,0.15051779351179784,6886.435704951316,287.2892950486839,2.3323127050247185,-0.19031270502471864
13.128,78301.982,182.892,1.832,7058.726,2.377,78101.2124999876,200.76950001240766,214.56681777883057,-31.674817778830572,1.8548250749346902,-0.022825074934690104,6886.560902990499,172.16509700950064,2.332014326539233,0.04498567346076676
13.12,78567.906,240.393,1.155,6870.908,1.974,78114.1417699481,453.76423005190736,214.59726457417085,25.79573542582915,1.8571608018721104,-0.7021608018721104,6886.682625683166,-15.77462568316605,2.3317724682063714,-0.35777246820637143
13.113,76564.868,177.801,2.451,7133.168,0.924,78125.21301906578,-1560.345019065775,214.62496421155691,-36.82396421155693,1.859197972844001,0.5918020271559992,6886.785991629319,246.38200837068052,2.3316071531704914,-1.4076071531704915
13.105,79297.607,188.167,1.4,6983.321,3.449,78137.58302216142,1160.0239778385876,214.6578252334038,-26.490825233403797,1.861517790323406,-0.461517790323406,6886.900233359771,96.42076664022898,2.331471038509081,1.117528961490919
13.098,79357.996,198.393,1.643,6848.788,2.618,78148.1541344942,1209.841865505805,214.68762740475026,-16.29462740475026,1.863539584933474,-0.22053958493347392,6886.996564221525,-38.208564221525194,2.3313980220706947,0.2866019779293052
13.09,80359.111,179.197,1.25,6972.721,3.409,78159.94082575868,2199.170174241328,214.72287936820976,-35.52587936820976,1.8658401518363217,-0.6158401518363217,6887.102267173729,85.61873282627039,2.3313670409433205,1.0776329590566793
13.083,78083.102,186.122,1.632,6926.293,2.647,78169.99178152073,-86.88978152073105,214.75476262422367,-28.63276262422366,1.867843625460415,-0.23584362546041504,6887.190740557906,39.10225944209378,2.331385635873221,0.315614364126779
13.075,78430.99,213.12,1.644,6857.353,1.808,78181.17346408576,249.816535914244,214.79237976950924,-1.6723797695092344,1.870121559356639,-0.22612155935663902,6887.287082015961,-29.934082015960485,2.3314588335412028,-0.5234588335412027
13.068,78753.217,185.983,1.803,6994.364,2.05,78190.68632742323,562.5306725767732,214.82632046383173,-28.84332046383173,1.8721037432579917,-0.06910374325799173,6887.367079800668,106.99692019933173,2.33156806133398,-0.28156806133398016
13.06,80062.885,180.395,1.24,7146.655,1.322,78201.2437173815,1861.641282618497,214.86627448141175,-34.47127448141174,1.8743556479377743,-0.6343556479377743,6887.45346858632,259.20153141367973,2.3317441620961494,-1.0097441620961494
13.053,80683.868,237.651,2.195,7050.116,2.193,78210.20268928837,2473.665310711629,214.90224670049716,22.74875329950285,1.8763135733744993,0.3186864266255005,6887.524573347104,162.5914266528962,2.331942773998901,-0.1389427739989011
13.045,78991.676,226.183,2.442,7156.595,1.422,78220.11897166778,771.5570283322304,214.94450664597406,11.238493354025934,1.8785360663657427,0.5634639336342575,6887.600645218859,268.9943547811408,2.3322202055815477,-0.9102202055815478
13.038,79339.313,180.243,1.621,7031.182,1.991,78228.51043493657,1110.8025650634227,214.98248213052233,-34.73948213052233,1.8804667885949526,-0.25946678859495265,6887.662635756007,143.51936424399264,2.3325067042167404,-0.34150670421674034
13.031,80213.702,232.157,2.417,6937.373,2.826,78236.63302380944,1977.068976190567,215.02138212050536,17.135617879494646,1.8823838207866495,0.5346161792133504,6887.720351221416,49.65264877858317,2.3328336396433436,0.4931663603566565
13.023,79912.305,221.244,1.425,6977.456,2.076,78245.58386624331,1666.7211337566841,215.06696238965037,6.177037610349629,1.8845571504636647,-0.45955715046366463,6887.7810937826325,89.6749062173676,2.3332562842270104,-0.2572562842270103
13.016,78892.417,190.644,1.786,6940.792,1.792,78253.12299572423,639.2940042757691,215.10781977403605,-24.46381977403604,1.886442753389791,-0.10044275338979092,6887.829714157647,52.962285842353594,2.333668506760991,-0.5416685067609908
13.008,78639.937,186.997,2.719,6896.027,2.852,78261.4020842174,378.53491578259855,215.15561775965318,-28.15861775965317,1.8885785594439937,0.8304214405560062,6887.880173576387,8.146826423612765,2.3341874960536577,0.5178125039463422
13.001,80380.428,239.878,2.137,6778.992,3.589,78268.3496575615,2112.078342438501,215.19839811397446,24.679601886025523,1.8904299480234956,0.2465700519765044,6887.919937042059,-108.92793704205906,2.3346829901802693,1.2543170098197307
12.993,80402.843,202.914,2.075,7060.819,2.941,78275.94903531723,2126.893964682764,215.24837296451133,-12.334372964511346,1.892525103870613,0.18247489612938717,6887.96048610399,172.85851389601066,2.33529591993642,0.60570408006358
12.986,77291.545,248.264,1.495,6907.12,3.046,78282.29922746134,-990.754227461337,215.29303919879112,32.97096080120889,1.8943395970289396,-0.3993395970289395,6887.991804952098,19.1281950479015,2.3358724993021944,0.7101275006978054
12.978,78654.279,208.87,2.485,6996.77,1.485,78289.21353861176,365.06546138823614,215.3451469595175,-6.475146959517502,1.896391107370308,0.588608892629692,6888.023010869323,108.74698913067732,2.3365767830335367,-0.8515767830335366
12.971,79640.065,197.217,2.561,6882.232,3.304,78294.96280221472,1345.1021977852797,215.39165921842226,-18.17465921842225,1.8981661495591067,0.6628338504408933,6888.046463344098,-5.8144633440979305,2.3372321131926874,0.9667678868073124
12.963,79496.711,193.059,2.578,6865.207,1.765,78301.18929352134,1195.5217064786557,215.44585271686321,-22.386852716863217,1.9001711744489955,0.6778288255510043,6888.0690780093755,-22.862078009375182,2.338025008131791,-0.5730250081317909
12.956,79359.527,218.902,2.509,6832.615,2.304,78306.33635588833,1053.1906441116735,215.49416827949233,3.4078317205076587,1.9019043562129567,0.6070956437870432,6888.085399420839,-55.470399420839385,2.3387566292064754,-0.0347566292064756
12.948,80948.51,219.704,1.802,6948.173,2.152,78311.87486800662,2636.6351319933747,215.55039701147254,4.153602988527467,1.9038602339653723,-0.10186023396537225,6888.100348853681,60.072651146319004,2.3396352621027696,-0.18763526210276948
12.941,79232.955,221.303,2.8,6894.021,2.023,78316.42071888116,916.5342811188457,215.6004701925979,5.702529807402101,1.9055493114336541,0.8944506885663457,6888.110422005984,5.910577994015512,2.3404406112365375,-0.31744061123653733
12.933,79459.293,234.017,1.876,6901.873,1.833,78321.27366720475,1138.0193327952584,215.65868021100766,18.358319788992333,1.9074535802347694,-0.03145358023476952,6888.118795042066,13.754204957933325,2.341402003847774,-0.5084020038477741
12.926,79104.064,149.457,2.54,7171.605,2.008,78325.2215374722,778.8424625277985,215.7104622656397,-66.25346226563971,1.9090964934253947,0.6309035065746054,6888.123640023412,283.48135997658756,2.342278437333383,-0.33427843733338314
12.918,80332.952,230.655,1.578,6922.886,2.702,78329.39388264182,2003.5581173581886,215.77059607409484,14.884403925905161,1.9109469115303703,-0.33294691153037026,6888.126676302385,34.7593236976154,2.3433195314779676,0.3586804685220324
12.911,79543.732,241.417,3.594,6916.218,4.138,78332.74921404927,1210.982785950735,215.82403510729497,25.592964892705027,1.9125418013670346,1.6814581986329653,6888.127439686231,28.090560313768947,2.3442643464429342,1.7937356535570657
12.903,80108.558,201.696,2.058,6948.015,2.168,78336.24842227894,1772.3095777210692,215.88603156090247,-14.190031560902469,1.9143363657725923,0.14366363422740758,6888.126516996199,59.88848300380141,2.3453820284812346,-0.1773820284812344
12.896,79506.879,192.819,2.425,7098.832,2.127,78339.0188283328,1167.8601716671983,215.94107244478636,-23.12207244478637,1.9158815897242905,0.5091184102757094,6888.124460506004,210.7075394939966,2.3463924840170036,-0.21939248401700384
12.888,80249.433,235.663,1.76,6929.147,1.953,78341.85482177055,1907.5781782294507,216.0048666602405,19.6581333397595,1.9176185532208612,-0.15761855322086116,6888.121081545869,41.02591845413099,2.3475836086327604,-0.3945836086327603
12.881,78793.617,216.171,2.651,6906.924,1.344,78344.05004002931,449.5669599706889,216.06145096011699,0.10954903988300657,1.9191126994855678,0.731887300514432,6888.117570238022,18.806429761977597,2.348656946256158,-1.0046569462561579
12.873,79923.301,223.26,1.276,7046.458,1.253,78346.2351374301,1577.0658625698998,216.12697423734062,7.133025762659372,1.9207905860050691,-0.6447905860050691,6888.1133488612095,158.34465113879014,2.349918359412519,-1.0969183594125191
12.866,80840.226,247.771,2.708,7317.852,1.994,78347.86697346144,2492.3590265385574,216.185040148912,31.585959851087978,1.9222324861692655,0.7857675138307347,6888.109838882687,429.7421611173131,2.3510518227513306,-0.3570518227513306
12.859,81718.043,247.044,2.01,7012.927,1.565,78349.24050439573,3368.802495604279,216.24377536779087,30.800224632209137,1.9236496761916557,0.08635032380834406,6888.1068504150735,124.82014958492618,2.352212406670251,-0.787212406670251
12.851,81632.715,230.638,1.62,7150.175,2.214,78350.49808482802,3282.216915171972,216.31170220592898,14.326297794071024,1.9252388444725255,-0.30523884447252536,6888.104511866739,262.0704881332613,2.353571237297763,-0.13957123729776288
12.844,80056.717,283.521,2.201,6897.322,2.14,78351.32915338328,1705.3878466167225,216.37182219429727,67.14917780570275,1.9266025377422675,0.27439746225773254,6888.103798749491,9.218201250509082,2.354787947142027,-0.21478794714202687
12.837,81906.768,204.267,2.063,7034.997,2.615,78351.91264712332,3554.855352876679,216.43256456236207,-12.165564562362079,1.9279410699267763,0.1350589300732239,6888.104700895518,146.89229910448194,2.356029930917433,0.25897006908256737
12.829,80978.64,207.851,1.378,7080.282,1.549,78352.28123587288,2626.358764127115,216.50272640115293,-8.651726401152928,1.9294399018590962,-0.5514399018590963,6888.10817105941,192.17382894059028,2.3574795495935845,-0.8084795495935846
12.822,81024.26,228.146,2.078,7113.181,3.148,78352.34726467749,2671.912735322505,216.5647492456193,11.581250754380676,1.9307242622564647,0.1472757377435352,6888.1137504089065,225.06724959109306,2.3587737597160467,0.7892262402839534
12.815,81632.305,324.208,2.002,6890.673,2.546,78352.17829222603,3280.1267077739612,216.62734405519797,107.58065594480206,1.9319832846120115,0.07001671538798826,6888.122088695618,2.5509113043817706,2.3600914559671713,0.18590854403282853
12.807,80399.565,243.799,2.314,6846.665,2.133,78351.70303330905,2047.8619666909508,216.69955981527454,27.099440184725466,1.9333911456898565,0.3806088543101436,6888.135472713015,-41.470472713014715,2.3616254442793347,-0.22862544427933473
12.8,79588.027,199.204,1.455,6990.589,1.41,78351.04540680931,1236.9815931906924,216.76332333875408,-17.55932333875407,1.9345959176257932,-0.4795959176257931,6888.150975946721,102.43802405327915,2.3629916177455375,-0.9529916177455375
12.793,81083.483,178.465,2.238,6943.957,4.551,78350.16706552297,2733.3159344770247,216.82760493752943,-38.362604937529426,1.9357754564027605,0.3022245435972395,6888.170411972425,55.78658802757491,2.364379570513972,2.186620429486028
12.786,79189.74,224.721,1.682,6613.134,1.245,78349.07289145883,840.6671085411799,216.8923867438186,7.828613256181399,1.9369298552684056,-0.2549298552684056,6888.194157391093,-275.0601573910926,2.365788779694768,-1.120788779694768
12.778,79481.701,200.727,1.734,6539.729,2.401,78347.5645889866,1134.1364110134018,216.9670122155183,-16.240012215518306,1.9382185428834142,-0.20421854288341423,6888.227055423607,-348.4980554236072,2.3674246762500695,0.03357532374993033
12.771,80577.568,189.294,1.372,6667.653,2.085,78346.02506556621,2231.54293443379,217.0328041340023,-27.738804134002294,1.9393195195267858,-0.5673195195267857,6888.261304384294,-220.60830438429366,2.3688777247399253,-0.28387772473992534
12.764,78082.107,184.0,1.633,6881.136,1.683,78344.28603283898,-262.1790328389761,217.09903788232907,-33.09903788232907,1.9403958383404754,-0.30739583834047535,6888.301045925244,-7.165045925243248,2.370350458545995,-0.6873504585459951
12.757,78572.417,186.095,2.423,6809.933,1.68,78342.35297837266,230.06402162734594,217.16569419252065,-31.070694192520648,1.9414477127604721,0.4815522872395279,6888.346654106744,-78.4136541067437,2.3718424025094063,-0.6918424025094063
12.75,78322.019,192.577,3.696,6782.226,2.884,78340.23152254833,-18.212522548332345,217.2327534698905,-24.6557534698905,1.942475385063331,1.7535246149366692,6888.398500732941,-106.17250073294144,2.373353094163204,0.5106469058367957
12.743,76595.49,138.831,1.587,6722.807,2.822,78337.92741317835,-1742.4374131783406,217.3001957985078,-78.4691957985078,1.9434791262214144,-0.3564791262214144,6888.4569547184055,-165.64995471840575,2.3748820841168863,0.4471179158831138
12.736,78919.771,170.394,1.637,6770.002,2.172,78335.44652004151,584.3244799584791,217.36800094719956,-46.974000947199556,1.9444592357200543,-0.3074592357200543,6888.522381458408,-118.52038145840743,2.3764289364053757,-0.20442893640537552
12.729,78899.425,204.14,2.769,6605.514,4.822,78332.79482934315,566.6301706568483,217.43614837609448,-13.296148376094493,1.9454160413368056,0.8235839586631946,6888.595142203522,-283.0811422035222,2.377993228801907,2.444006771198093
12.722,79724.822,210.341,1.473,6743.932,1.068,78329.97843810453,1394.8435618954682,217.5046172437094,-7.163617243709382,1.946349898883006,-0.4733498988830058,6888.67559343905,-144.74359343905053,2.37957455309433,-1.3115745530943301
12.715,77847.724,253.986,2.766,6568.014,2.723,78327.00354848822,-479.27954848822264,217.57338641458085,36.41261358541914,1.9472611919078822,0.8187388080921179,6888.764086269923,-320.7500862699226,2.3811725153244185,0.34182748467558133
12.708,77602.102,235.888,1.312,6677.821,1.668,78323.87646206495,-721.7744620649464,217.64243446744007,18.245565532559937,1.9481503313654633,-0.6361503313654633,6888.860965811559,-211.03996581155934,2.38278673598976,-0.7147867359897602
12.701,77154.389,180.632,1.69,6813.931,1.921,78320.6035740275,-1166.214574027501,217.7117397039297,-37.079739703929704,1.9490177552445909,-0.2590177552445909,6888.966570587258,-75.03557058725801,2.3844168502078906,-0.4634168502078906
12.694,77935.368,197.031,1.623,6732.488,2.206,78317.1913673585,-381.82336735849094,217.78128015786092,-20.750280157860914,1.9498639281623564,-0.32686392816235643,6889.081231932683,-156.593231932683,2.3860625078423645,-0.18006250784236455
12.687,78736.57,180.194,1.394,6827.602,2.374,78313.64640695634,422.9235930436698,217.8510336050042,-37.657033605004216,1.9506893409213002,-0.5566893409213003,6889.205273407941,-61.60327340794083,2.3877233735904966,-0.013723373590496468
12.68,77165.917,197.941,2.062,6937.221,1.499,78309.9753337267,-1144.0583337267017,217.92097757340986,-19.979977573409855,1.9514945100307504,0.11050548996924947,6889.339010217774,47.8819897822259,2.3893991270325685,-0.8903991270325684
12.673,78359.746,251.908,2.061,6728.688,3.297,78306.18485864386,53.56114135614189,217.99108935425036,33.916910645749624,1.9522799771927053,0.10872002280729465,6889.482748640426,-160.7947486404255,2.391089462642345,0.9059105373576553
12.666,77578.637,226.628,2.089,6873.675,2.884,78302.28175678867,-723.6447567886644,218.06134601317672,8.566653986823269,1.9530463087526848,0.13595369124731516,6889.63678546563,-15.961785465629873,2.3927940897587847,0.4912059102412152
12.659,76984.089,232.312,2.538,6713.939,2.746,78298.27286136855,-1314.1838613685395,218.13172440217835,14.180275597821662,1.9537940951160122,0.5842059048839876,6889.801407442261,-175.86240744226052,2.3945127325189053,0.3514872674810947
12.652,77767.303,186.416,1.169,6919.006,2.254,78294.16505772437,-526.862057724371,218.20220117193543,-31.78620117193543,1.9545239501299987,-0.7855239501299986,6889.976890736103,29.029109263897226,2.3962451297517937,-0.1422451297517937
12.644,76907.362,198.121,3.209,6705.074,1.761,78289.35820645094,-1381.9962064509455,218.28283631549886,-20.161836315498846,1.9553369310884074,1.2536630689115926,6890.191082122213,-185.1170821222131,2.3982415388064475,-0.6372415388064476
12.637,77564.729,160.74,2.168,6858.32,3.252,78285.06184850141,-720.3328485014063,218.35344441714335,-57.61344441714334,1.956030533888369,0.21196946611163114,6890.390717237137,-32.070717237137615,2.4000025978583466,0.8519974021416532
12.63,76724.049,194.861,1.672,6904.534,1.958,78280.68849441299,-1556.639494412986,218.42407635138673,-23.56307635138674,1.9567082797192519,-0.28470827971925194,6890.602006854786,13.93199314521371,2.4017766843618906,-0.44377668436189066
12.623,77222.915,233.175,1.458,6607.463,3.346,78276.24518161167,-1053.3301816116727,218.49470807673077,14.680291923269237,1.9573708722408927,-0.4993708722408927,6890.825177759905,-283.36217775990553,2.403563596040714,0.9424364039592863
12.616,77718.562,200.636,1.983,6859.97,1.527,78271.73896884744,-553.1769688474305,218.56531542115175,-17.929315421151756,1.9580190348599436,0.024980965140056544,6891.060443543331,-31.090443543330366,2.405363144156505,-0.878363144156505
12.608,77741.067,195.448,1.969,6885.27,2.772,78266.52106619804,-525.4540661980427,218.64594851419037,-23.197948514190358,1.9587430759770905,0.010256924022909564,6891.344384602337,-6.074384602336977,2.4074350191690694,0.36456498083093036
12.601,77159.152,268.56,1.784,6610.328,4.08,78261.90390068461,-1102.7519006846123,218.71642170172714,49.84357829827286,1.9593628402513117,-0.17536284025131166,6891.606223072409,-281.27822307240876,2.4092610706815147,1.6707389293184853
12.594,77470.923,243.848,3.379,6829.49,2.722,78257.24609243928,-786.3230924392847,218.78679385956693,25.061206140433086,1.9599705674730357,1.4190294325269643,6891.880736648516,-62.390736648516395,2.4110992495629398,0.3109007504370602
12.587,79436.108,260.12,1.181,6751.013,2.388,78252.5547254943,1183.553274505699,218.85704043932435,41.262959560675654,1.9605670538504976,-0.7795670538504975,6892.168079407731,-141.15507940773114,2.412949419118889,-0.02494941911888926
12.58,78286.309,199.147,1.649,6993.284,1.848,78247.83687494116,38.472125058833626,218.9271368432253,-19.780136843225307,1.9611531108406117,-0.3121531108406117,6892.468389963967,100.81561003603292,2.414811454051173,-0.5668114540511728
12.573,78220.969,237.149,1.828,6943.981,3.907,78243.09960116784,-22.130601167838904,218.99705844083257,18.151941559167426,1.9617295641897734,-0.13372956418977333,6892.781791071171,51.19920892882874,2.416685239932799,1.4903147600672009
12.566,78234.074,225.105,2.339,6871.272,3.598,78238.3499441467,-4.275944146706024,219.06678058601864,6.038219413981352,1.9622972529491798,0.3767027470508202,6893.108389241882,-21.83638924188199,2.418570672649315,1.179429327350685
12.559,77435.151,207.025,2.938,6911.659,1.715,78233.59491777889,-798.4439177788881,219.13627863415945,-12.111278634159447,1.962857028465637,0.9751429715343631,6893.448274381577,18.210725618422657,2.420467657807472,-0.7054676578074719
12.552,75893.602,207.117,2.021,6802.013,2.144,78228.84150429866,-2335.239504298661,219.20552795951937,-12.088527959519382,1.9634097533488264,0.057590246651173516,6893.801519439086,-91.78851943908649,2.4223761101121655,-0.27837611011216534
12.545,77093.693,209.084,1.867,6781.087,2.536,78224.09664874266,-1130.4036487426638,219.27450397279787,-10.19050397279787,1.9639563004160663,-0.09695630041606629,6894.168180073457,-113.08118007345638,2.4242959527127046,0.11170404728729544
12.538,77281.975,218.717,1.925,6836.016,2.238,78219.36725348831,-937.3922534883022,219.34318213880837,-0.6261821388083604,1.9644975516156498,-0.03949755161564972,6894.548294337607,-58.53229433760771,2.426227116519538,-0.18822711651953794
12.531,77492.689,271.317,2.792,6607.27,2.628,78214.6601728659,-721.9711728659022,219.4115379942569,51.90546200574312,1.9650343969298756,0.8269656030701242,6894.941882379078,-287.67188237907794,2.4281695394926364,0.19983046050736375
12.524,76303.935,220.785,1.645,6796.484,2.332,78209.98220784793,-1906.047207847936,219.47954716558866,1.3054528344113407,1.9655677332589303,-0.3205677332589303,6895.348946158181,-98.86494615818083,2.4301231659027875,-0.09812316590278769
12.517,77314.444,275.373,1.6,6793.068,1.773,78205.34010082032,-890.8961008203187,219.5471853868709,55.8258146131291,1.966098463286843,-0.3660984632868429,6895.769469183888,-102.70146918388764,2.432087945567181,-0.6590879455671812
12.51,78614.996,203.713,1.405,7010.527,2.32,78200.74053043929,414.2554695607105,219.61442851767862,-15.901428517678625,1.9666274943307733,-0.5616274943307733,6896.203416267714,114.32358373228635,2.4340638330606934,-0.11406383306069356
12.503,78789.51,221.864,1.811,6865.878,2.294,78196.19010657778,593.3198934222164,219.6812525609486,2.182747439051411,1.9671557371749167,-0.1561557371749167,6896.650733295888,-30.77273329588843,2.4360507869043664,-0.14205078690436634
12.496,77965.675,222.807,2.603,6833.586,3.131,78191.69536536459,-226.02036536458763,219.74763368076833,3.059366319231657,1.9676841048903966,0.6353158951096036,6897.111347020051,-63.5253470200505,2.438048768732663,0.6929512312673367
12.489,77577.634,198.862,1.827,6902.459,1.37,78187.26276432128,-609.6287643212709,219.81354822006676,-20.95154822006677,1.9682135116425399,-0.14121351164253992,6897.585164866807,4.873835133193097,2.4400577424411347,-1.0700577424411346
12.481,78193.026,214.623,2.188,6767.46,2.206,78182.28119731769,10.744802682311274,219.88827771336867,-5.2652777133686754,1.9688209927189309,0.21917900728106932,6898.142694628566,-130.6826946285655,2.442367127338426,-0.23636712733842602
12.474,77856.207,186.284,1.822,6699.588,2.474,78178.00310462453,-321.79610462453275,219.95311371206884,-33.66911371206885,1.9693557021671646,-0.14735570216716454,6898.644404434127,-199.05640443412722,2.444399538789361,0.029600461210639306
12.467,79328.104,229.196,1.412,6742.559,2.178,78173.80688288486,1154.297117115144,220.0174101386243,9.178589861375684,1.9698943173747372,-0.5578943173747373,6899.158899809666,-156.59989980966566,2.446442833564017,-0.2684428335640172
12.46,78822.623,210.766,2.879,7011.928,1.696,78169.69861439691,652.9243856030953,220.08114426181822,-9.315144261818233,1.9704377441159588,0.9085622558840412,6899.686006511046,112.241993488954,2.4484969754864805,-0.7524969754864805
12.453,77107.998,246.444,1.709,7002.767,3.697,78165.68427949742,-1057.686279497415,220.1442936173836,26.299706382616392,1.9709868829820585,-0.2619868829820584,6900.225530295138,102.54146970486181,2.4505619260161082,1.2464380739838918
12.446,77379.691,249.948,2.1,6757.534,2.362,78161.76975236672,-782.0787523667095,220.20683602432558,29.741163975674425,1.9715426281443325,0.12845737185566763,6900.7772568496675,-143.2432568496679,2.4526376433148966,-0.09063764331489654
12.439,77461.605,247.282,2.568,6881.292,1.621,78157.96079695289,-696.355796952892,220.26874960089904,27.01325039910097,1.9721058661159825,0.5958941338840176,6901.340951743296,-20.04895174329522,2.454724081308885,-0.8337240813088851
12.432,76528.028,273.201,1.523,6522.298,2.958,78154.26306301872,-1626.2350630187138,220.33001278020777,52.870987219792255,1.9726774745143911,-0.4496774745143912,6901.916360396071,-379.6183603960708,2.456821188745719,0.501178811254281
12.425,77129.043,259.174,2.252,6788.411,4.909,78150.68208231324,-1021.6390823132388,220.39060432539304,38.783395674606936,1.9732583208256453,0.27874167917435444,6902.503208070376,-114.09220807037582,2.4589289082505648,2.450071091749435
12.418,77619.815,220.899,1.335,6838.606,3.098,78147.22326487068,-527.4082648706826,220.4505033443795,0.4484966556204881,1.97384926117312,-0.63884926117312,6903.101199882478,-64.49519988247812,2.4610471753825816,0.6369528246174183
12.411,78753.488,269.947,2.397,6846.648,2.75,78143.8918954393,609.5961045606964,220.5096893041474,49.4373106958526,1.9744511390919948,0.42254886090800503,6903.710020834766,-57.06202083476546,2.4631759176942176,0.2868240823057824
12.404,78970.784,164.494,1.899,7131.057,1.145,78140.69313004152,830.0908699584834,220.56814204449944,-56.07414204449944,1.975064784311598,-0.07606478431159802,6904.329335868721,226.7276641312792,2.4653150537956003,-1.3203150537956003
12.397,79088.733,216.434,1.607,6924.143,2.383,78137.63199266887,951.101007331119,220.6258417912955,-4.191841791295502,1.9756910115474997,-0.3686910115474997,6904.958789938734,19.18421006126573,2.4674644924263553,-0.08446449242635534
12.389,77726.358,206.636,3.155,7024.35,1.855,78134.30833909448,-407.9503390944883,220.6908374901109,-14.054837490110913,1.9764231299020993,1.1785768700979005,6905.6900992877345,118.65990071226588,2.4699334776232105,-0.6149334776232105
12.382,79074.045,214.42,2.067,6972.991,2.798,78131.55840371348,942.4865962865151,220.74685896307338,-6.326858963073391,1.977078985082164,0.08992101491783622,6906.339991953208,66.65100804679241,2.472104634423416,0.32589536557658416
12.375,76690.364,220.396,1.67,6855.099,2.591,78128.96099194471,-1438.5969919447089,220.80206794635674,-0.4060679463567567,1.9777498718047533,-0.3077498718047533,6906.998778857818,-51.89977885781809,2.474285732500981,0.11671426749901936
12.367,76504.774,244.729,1.375,6803.105,2.047,78126.18498001309,-1621.4109800130827,220.8641459122052,23.86485408779481,1.9785359536948244,-0.6035359536948244,6907.762008116735,-104.6570081167356,2.4767904064707995,-0.42979040647079936
12.36,77661.904,219.261,1.766,7037.743,2.586,78123.929183192,-462.02518319200317,220.91755364822586,-1.6565536482258665,1.979241515502333,-0.21324151550233306,6908.438359171347,129.30464082865365,2.4789923112765333,0.10700768872346655
12.352,77383.934,230.258,2.027,6826.083,2.426,78121.55462294753,-737.6206229475356,220.97752759877582,9.280472401224188,1.980069076461391,0.04693092353860906,6909.220434577599,-83.13743457759938,2.4815203295423256,-0.05552032954232544
12.345,77609.324,227.52,2.248,7146.279,2.11,78119.65938899721,-510.33538899722043,221.0290556607215,6.4909443392785136,1.9808124967243548,0.26718750327564544,6909.9121567009915,236.3668432990089,2.4837422421644773,-0.3737422421644774
12.337,76259.794,223.232,2.652,6874.683,3.531,78117.70708071301,-1857.9130807130132,221.08683857463888,2.145161425361124,1.981685043442897,0.6703149565571032,6910.710466148081,-36.02746614808075,2.486292600486408,1.0447073995135923
12.33,76793.899,298.502,2.14,6890.805,3.299,78116.18985123633,-1322.290851236321,221.13641314212106,77.36558685787895,1.9824692700960556,0.15753072990394457,6911.415182507431,-20.61018250743109,2.4885335584275654,0.8104664415724345
12.322,77181.501,175.254,1.368,7057.381,2.764,78114.67884903915,-933.1778490391443,221.19192335145956,-45.937923351459574,1.9833900277523377,-0.6153900277523376,6912.226906994938,145.15409300506235,2.491105056477659,0.27289494352234067
12.315,76989.606,249.931,2.05,6738.153,3.235,78113.55551782032,-1123.9495178203215,221.23947535778262,28.691524642217388,1.9842177518457627,0.06578224815423717,6912.942062667271,-174.78906266727063,2.4933639180075513,0.7416360819924486
12.307,76161.261,191.54,1.569,7025.194,2.318,78112.50308605016,-1951.2420860501588,221.2926366966744,-29.752636696674415,1.9851896403825104,-0.4161896403825105,6913.764183288749,111.42981671125108,2.4959551423027344,-0.17795514230273435
12.3,76959.526,224.816,1.341,6919.548,1.248,78111.78796419039,-1152.2619641903875,221.33810194148782,3.4778980585121815,1.9860632760608317,-0.6450632760608317,6914.487051823511,5.060948176488637,2.4982305722890517,-1.2502305722890517
12.292,78052.52,189.3,1.784,6944.573,2.055,78111.20954135535,-58.68954135534295,221.3888438546581,-32.08884385465808,1.987088888200985,-0.20308888820098492,6915.316357772268,29.2566422277323,2.500839880930357,-0.445839880930357
12.285,76138.498,215.117,1.816,6822.638,1.013,78110.91532905739,-1972.4173290573817,221.4321630810131,-6.315163081013111,1.988010554296202,-0.17201055429620205,6916.044048632702,-93.40604863270164,2.503130338349203,-1.490130338349203
12.278,77842.877,238.705,1.288,6806.707,2.151,78110.82142879852,-267.9444287985243,221.4744619549462,17.230538045053805,1.9889552724995672,-0.7009552724995671,6916.7729565355785,-110.06595653557815,2.505427220620532,-0.35442722062053234
12.27,76703.275,228.098,1.448,6848.595,2.692,78110.962264362,-1407.6872643620009,221.52153962645718,6.5764603735428295,1.9900636389211006,-0.5420636389211007,6917.606613052467,-69.0116130524666,2.5080595751031556,0.1839404248968446
12.263,77751.594,232.448,1.584,6926.555,2.012,78111.3049431757,-359.71094317569805,221.5616145903952,10.886385409604799,1.991058926715641,-0.40705892671564103,6918.335824547543,8.21917545245742,2.510368830492364,-0.4983688304923639
12.255,76893.162,204.269,1.764,6868.613,2.945,78111.9498993569,-1218.787899356903,221.60612312074076,-17.337123120740756,1.9922258905688437,-0.22822589056884368,6919.167985402091,-50.554985402091006,2.513014163720226,0.43198583627977394
12.248,75534.832,220.92,1.942,6748.851,1.285,78112.73780531946,-2577.9058053194603,221.6439272103525,-0.7239272103525138,1.9932730714386593,-0.051273071438659334,6919.894242363121,-171.04324236312095,2.515333702215461,-1.230333702215461
12.24,79034.589,245.951,1.674,7126.387,2.562,78113.89581863536,920.6931813646515,221.68581575258077,24.265184247419228,1.9944999500286225,-0.3204999500286225,6920.721107117406,205.66589288259365,2.517989492643818,0.044010507356181616
12.233,78603.811,161.691,2.192,7055.863,1.632,78115.13594199374,488.6750580062653,221.72130693393325,-60.03030693393325,1.9956000032370875,0.19639999676291264,6921.441019497081,134.42198050291972,2.520316990534358,-0.888316990534358
12.225,79590.901,179.0,1.847,6822.538,2.024,78116.81405385179,1474.086946148207,221.76053023313003,-42.76053023313003,1.9968877148867232,-0.14988771488672326,6922.258643110037,-99.7206431100376,2.522980447500704,-0.498980447500704
12.218,78676.103,253.276,1.463,6639.69,3.317,78118.5117277558,557.5912722442008,221.79367131954504,31.48232868045497,1.99804126627884,-0.53504126627884,6922.968699895397,-283.27869989539704,2.5253133444088127,0.7916866555911874
12.21,78809.562,170.687,1.56,7127.519,1.906,78120.71508880443,688.8469111955783,221.8301895983418,-51.14318959834179,1.999390321188173,-0.4393903211881729,6923.773005630228,203.74599436977223,2.527981406132426,-0.621981406132426
12.203,77433.339,175.298,1.54,7107.542,2.006,78122.8739961391,-689.5349961390893,221.86094813352997,-46.56294813352997,2.0005976364170324,-0.46059763641703233,6924.469586462223,183.07241353777772,2.5303169044991503,-0.5243169044991505
12.195,78297.014,263.595,1.713,6902.182,2.299,78125.60587747139,171.40812252860633,221.8947269399488,41.70027306005122,2.0020081303483757,-0.2890081303483756,6925.256379521826,-23.074379521825904,2.5329862389240905,-0.23398623892409054
12.188,78403.49,240.167,2.259,6959.3,2.339,78128.22806357396,275.2619364260463,221.92307504904358,18.243924950956426,2.003269110617495,0.25573088938250477,6925.935766923638,33.364233076362325,2.535321306010048,-0.19632130601004816
12.18,78997.594,234.822,1.802,6996.205,3.717,78131.48987451798,866.1041254820157,221.95408506873204,12.867914931267961,2.0047407214986657,-0.20274072149866562,6926.700748748135,69.50425125186484,2.5379883145445694,1.1790116854554307
12.173,76808.751,241.358,1.758,6896.136,1.956,78134.57576552872,-1325.8247655287123,221.97999927918693,19.378000720813077,2.0060549018892586,-0.2480549018892586,6927.359140902408,-31.223140902407977,2.540319686977111,-0.584319686977111
12.165,77320.555,228.254,1.012,6916.448,1.945,78138.36707771938,-817.8120777193835,222.0082161144717,6.245783885528283,2.0075868894001068,-0.9955868894001068,6928.097924058053,-11.64992405805242,2.5429805111480097,-0.5979805111480097
12.157,78016.277,267.994,3.356,6877.47,2.996,78142.43998988761,-126.16298988761264,222.03493489725548,45.959065102744546,2.0091506313658973,1.3468493686341025,6928.820914616248,-51.35091461624779,2.545636372403889,0.4503636275961109
12.15,78721.81,204.506,1.826,6933.925,2.886,78146.23408167399,575.5759183260088,222.05708106761975,-17.551081067619748,2.010544648007228,-0.18454464800722814,6929.439571653493,4.485428346507433,2.5479552330205992,0.3380447669794009
12.142,78247.697,238.171,2.141,6856.443,1.991,78150.83233941399,96.86466058601218,222.08097822207813,16.090021777921862,2.012166826001241,0.12883317399875915,6930.129498906697,-73.68649890669712,2.5505985115611507,-0.5595985115611506
12.135,77292.279,254.59,2.949,6896.369,1.453,78155.08414211753,-862.8051421175333,222.1006492682918,32.489350731708214,2.0136112397082844,0.9353887602917155,6930.717242711718,-34.34824271171874,2.5529044325898456,-1.0999044325898455
12.127,76885.599,197.227,1.647,6866.038,1.66,78160.20280849835,-1274.6038084983447,222.12171166572875,-24.89471166572875,2.015290072434147,-0.3682900724341469,6931.36956400107,-65.33156400107055,2.5555306608116037,-0.8955306608116038
12.12,77721.447,248.645,1.991,6892.836,3.569,78164.90725008826,-443.4602500882611,222.13889784864045,26.506102151359556,2.01678315021194,-0.025783150211939887,6931.922403609891,-39.08640360989102,2.557819637647258,1.011180362352742
12.112,78551.193,246.054,1.815,6899.436,2.478,78170.53968048966,380.6533195103402,222.1571162739605,23.896883726039505,2.0185164608224095,-0.2035164608224096,6932.5325436027215,-33.096543602721795,2.5604241343419316,-0.08242413434193141
12.105,78989.891,200.004,2.496,7069.612,2.175,78175.69021513904,814.2007848609646,222.17181113503506,-22.167811135035066,2.0200561289929206,0.47594387100707936,6933.046466694004,136.5655333059958,2.5626919835705158,-0.38769198357051593
12.097,77541.615,243.743,2.26,6817.558,2.856,78181.82810503879,-640.2131050387834,222.1871799537716,21.555820046228405,2.0218413582195627,0.2381586417804371,6933.609833960854,-116.05183396085431,2.565269873061439,0.29073012693856093
12.09,77708.586,262.355,2.039,6753.322,2.194,78187.41675674623,-478.8307567462325,222.19938001673216,40.155619983267854,2.0234252151519825,0.015574784848017664,6934.080821430588,-180.7588214305879,2.5675122502689733,-0.3735122502689734
12.082,77042.12,255.931,1.559,6862.827,2.182,78194.05019351689,-1151.9301935168914,222.21189682699452,33.71910317300549,2.025259437243931,-0.46625943724393104,6934.592825159393,-71.76582515939299,2.5700584839333556,-0.3880584839333556
12.075,78667.03,263.68,1.732,6815.074,3.208,78200.06760302467,466.9623969753302,222.2216012878731,41.45839871212689,2.0268847684895297,-0.2948847684895297,6935.016865777174,-119.94286577717412,2.572270903517796,0.635729096482204
12.067,77806.148,220.531,2.047,7000.885,2.614,78207.18512125188,-401.0371212518803,222.2312665608816,-1.7002665608816017,2.0287647098320347,0.018235290167965434,6935.472932536558,65.41206746344233,2.574780283493917,0.039219716506083024
12.06,78211.139,222.376,2.091,6931.412,2.057,78213.6205958277,-2.4815958277031314,222.23847696968707,0.13752303031293422,2.030428505538176,0.060571494461824305,6935.8460376062485,-4.434037606248239,2.5769581402921817,-0.5199581402921818
12.053,78476.387,199.84,1.956,6885.848,4.134,78220.24714560405,256.13985439595126,222.24452460151565,-22.404524601515647,2.0321091428798717,-0.0761091428798717,6936.194017634729,-50.34601763472892,2.5791182637868957,1.5548817362131047
12.046,78474.077,182.231,1.604,6984.641,1.951,78227.06203592801,247.0149640719901,222.24941042282055,-40.01841042282055,2.0338058795270237,-0.42980587952702365,6936.516016704836,48.124983295163474,2.5812596217679813,-0.6302596217679812
12.038,77698.2,263.634,1.987,6824.793,2.182,78235.07743096216,-536.8774309621658,222.25357305402198,41.38042694597803,2.0357637345830883,-0.04876373458308825,6936.851111631941,-112.05811163194176,2.583682576766277,-0.40168257676627706
12.031,77466.245,254.88,2.211,6902.723,2.782,78242.28612838904,-776.0411283890426,222.25597329004938,32.62402670995061,2.037492353371012,0.173507646628988,6937.114581679527,-34.39158167952701,2.585780217194384,0.19621978280561603
12.024,77629.671,212.135,1.955,7147.105,2.554,78249.67377937763,-620.0027793776244,222.25721576605082,-10.122215766050829,2.039234578178494,-0.08423457817849389,6937.349419902185,209.75558009781435,2.5878558095491715,-0.03385580954917167
12.017,78840.061,230.874,1.92,7120.449,3.378,78257.23715451779,582.8238454822131,222.25730203863918,8.616697961360813,2.040989568739527,-0.12098956873952726,6937.5547976771095,182.89420232289012,2.5899083015468136,0.7880916984531865
12.011,77909.708,188.34,1.746,7160.533,2.44,78263.85737933141,-354.1493793314148,222.25645699874414,-33.91645699874414,2.0425033548224185,-0.2965033548224185,6937.706765593812,222.82623440618863,2.5916483955527223,-0.15164839555272236
12.004,78766.223,183.237,1.439,6972.209,2.354,78271.73814971847,494.48485028152936,222.2544005073518,-39.017400507351795,2.0442797544793594,-0.6052797544793593,6937.8552614715245,34.35373852847533,2.593655190576902,-0.23965519057690177
11.997,78079.077,245.684,2.194,6920.201,2.28,78279.7848067254,-200.70780672538967,222.25119277776426,23.432807222235738,2.046066409708765,0.1479335902912351,6937.971977283762,-17.770977283761567,2.595635874275594,-0.31563587427559403
11.99,77404.795,227.941,1.546,7116.765,3.86,78287.99370201596,-883.1987020159577,222.2468356827061,5.694164317293911,2.047862407582347,-0.5018624075823468,6938.056119911384,178.70888008861675,2.5975893953107247,1.2624106046892751
11.983,76786.638,210.476,2.18,7115.627,2.853,78296.36108528379,-1509.723085283782,222.24133114130228,-11.765331141302283,2.049666819448828,0.13033318055117205,6938.106906965038,177.52009303496197,2.599514705760532,0.2534852942394683
11.976,77500.583,214.298,1.846,7076.921,2.054,78304.88310698551,-804.300106985509,222.23468110487005,-7.936681104870047,2.0514787022585432,-0.20547870225854314,6938.123567392892,138.79743260710802,2.6014107624333196,-0.5474107624333198
11.969,77879.698,198.838,1.636,7161.781,2.416,78313.5558210668,-433.8578210667911,222.22688754296803,-23.388887542968035,2.0532970999051354,-0.4172970999051355,6938.105342076915,223.67565792308505,2.60327652818057,-0.18727652818057017
11.962,77595.73,214.802,2.606,7049.728,2.04,78322.37518767657,-726.6451876765786,222.21795242972203,-7.41595242972204,2.0551210445817967,0.5508789554182032,6938.051484417095,111.67651558290527,2.6051109732066395,-0.5651109732066395
11.956,78423.821,231.234,1.351,7042.132,3.401,78330.04823929069,93.77276070931111,222.20938666979885,9.024613330201163,2.056688099520822,-0.7056880995208221,6937.976403891931,104.1555961080685,2.6066576516175037,0.7943423483824961
11.949,77545.757,203.651,1.409,7250.105,1.698,78339.12893384315,-793.3719338431547,222.19833673049007,-18.54733673049006,2.0585197439368828,-0.6495197439368827,6937.854436161755,312.2505638382445,2.6084312279536195,-0.9104312279536195
11.942,77151.214,169.578,1.677,7129.792,2.714,78348.3442456534,-1197.1302456533886,222.18615078731037,-52.608150787310365,2.06035411799246,-0.38335411799246,6937.6947769657645,192.09722303423587,2.6101705934025645,0.10382940659743545
11.935,77361.603,199.77,1.536,7056.115,2.287,78357.68979818441,-996.0867981844058,222.17283070952544,-22.402830709525432,2.0621902216406247,-0.5261902216406247,6937.496733221845,118.61826677815498,2.611874758651661,-0.32487475865166093
11.928,76888.93,211.717,1.987,6888.489,2.653,78367.16113400491,-1478.23113400492,222.15837830904343,-10.441378309043415,2.064027049845161,-0.07702704984516107,6937.259627013724,-48.77062701372415,2.6135427479671787,0.039457252032821355
11.921,78167.434,208.907,2.159,6970.417,2.536,78376.75371736489,-209.31971736489504,222.14279532868767,-13.235795328687658,2.065863593970674,0.0931364060293256,6936.98279609356,33.434203906440416,2.615173600431002,-0.07917360043100219
11.914,78126.558,229.82,1.459,6844.912,2.61,78386.46293673667,-259.9049367366679,222.12608343084725,7.693916569152748,2.0676988431698113,-0.6086988431698113,6936.665594368934,-91.75359436893359,2.6167663711562694,-0.006766371156269546
11.907,77310.354,188.813,1.463,6878.796,2.351,78396.28410731822,-1085.9301073182141,222.10824418651418,-33.295244186514196,2.0695317857651565,-0.6065317857651564,6936.307392373791,-57.51139237379084,2.6183201324796013,-0.2673201324796013
11.9,76763.032,232.796,2.767,6950.81,2.162,78406.21247349653,-1643.1804734965262,222.08927906471675,10.706720935283244,2.071361410623359,0.695638589376641,6935.9075777229355,14.902422277064943,2.619833975127723,-0.45783397512772295
11.893,77523.456,223.609,0.949,6877.138,2.712,78416.24321126884,-892.7872112688347,222.0691894223569,1.5398105776430953,2.0731867085191373,-1.1241867085191375,6935.465555549721,-58.32755554972118,2.62130700935629,0.09069299064371039
11.886,76464.484,191.246,2.306,7050.251,2.02,78426.37143061869,-1961.8874306186917,222.04797649445752,-30.801976494457506,2.0750066734868335,0.2309933265131665,6934.980748926497,115.27025107350346,2.6227383660588544,-0.6027383660588543
11.879,78468.34,254.924,2.005,6999.196,2.398,78436.5921778456,31.747822154400637,222.02564138482705,32.89835861517295,2.0768203041572577,-0.07182030415725782,6934.452599267602,64.74340073239819,2.624127197844007,-0.22612719784400692
11.872,76551.41,255.646,3.848,6892.776,4.304,78446.90043784592,-1895.4904378459178,222.00218505714454,33.64381494285544,2.0786266050776128,1.769373394922387,6933.880566714448,-41.10456671444808,2.6254726800788006,1.6785273199211996
11.865,77434.75,208.43,2.207,6912.076,4.135,78457.29113634372,-1022.5411363437161,221.97760832647154,-13.547608326471533,2.0804245880123826,0.12657541198761724,6933.264130502534,-21.188130502533568,2.6267740118967056,1.5082259881032942
11.858,77377.281,198.439,2.146,7117.358,1.144,78467.75914206961,-1090.478142069609,221.95191185119083,-23.512911851190836,2.0822132732230934,0.06378672677690655,6932.602789310013,184.7552106899875,2.6280304171683944,-1.4840304171683945
11.851,76980.136,211.361,2.791,6818.633,3.247,78478.29926888706,-1498.1632688870595,221.92509612537822,-10.564096125378228,2.0839916907249894,0.7070083092750106,6931.896061587653,-113.26306158765328,2.6292411454338316,0.6177588545661683
11.844,77728.161,242.848,1.645,6812.386,2.443,78488.9062778643,-760.7452778643055,221.89716147160652,20.95083852839349,2.085758881518695,-0.44075888151869513,6931.143485869914,-118.75748586991358,2.6304054727941892,-0.18740547279418918
11.837,77682.16,223.598,2.465,6969.419,2.033,78499.5748792917,-817.4148792916967,221.8681080341839,1.7298919658161083,2.0875138987950446,0.3774861012049553,6930.344621066953,39.07437893304723,2.6315227027622594,-0.5985227027622595
11.83,78003.965,211.615,2.009,7024.651,3.78,78510.2997346433,-506.3347346433002,221.8379357728274,-10.222935772827384,2.089255809111341,-0.08025580911134123,6929.499046737391,95.15195326260891,2.6325921670701335,1.1474078329298663
11.823,77693.956,224.636,1.506,6986.309,4.011,78521.07545848298,-827.1194584829791,221.80664445677195,2.829355543228047,2.0909836935374044,-0.5849836935374044,6928.606363341675,57.70263665832499,2.633613226433043,1.3773867735669572
11.816,76960.48,206.371,1.885,7210.499,3.17,78531.89662031374,-1571.416620313743,221.77423365931355,-15.403233659313543,2.092696648769831,-0.20769664876983085,6927.666192475879,282.83280752412065,2.6345852712683526,0.5354147287316473
11.809,77941.48,245.101,1.204,6905.049,2.222,78542.75774637144,-601.2777463714447,221.7407027527882,23.360297247211804,2.094393788213039,-0.890393788213039,6926.6781770858715,-21.62917708587156,2.6355077223688363,-0.4135077223688364
11.802,78712.667,233.43,2.708,6960.653,3.568,78553.65332136212,159.0136786378862,221.70605090398277,11.723949096017236,2.0960742430256922,0.611925756974308,6925.641981661708,35.01101833829216,2.63638003152945,0.93161996847055
11.795,79132.827,208.273,1.618,7146.7,2.881,78564.57779014378,568.2492098562216,221.67027706997902,-13.397277069979026,2.0977371631312822,-0.4797371631312821,6924.557292412176,222.14270758782368,2.6372016821269715,0.2437983178730283
11.788,78987.301,210.566,1.477,6995.722,2.222,78575.52555935338,411.7754406466265,221.63337999442933,-11.06737999442933,2.099381718191676,-0.622381718191676,6923.42381741949,72.29818258051,2.637972189651952,-0.41597218965195193
11.781,79687.196,232.785,2.183,6892.214,2.734,78586.49099897906,1100.705001020935,221.59535820426078,11.18964179573922,2.1010070985425777,0.08199290145742211,6922.241286774011,-30.027286774011372,2.6386911021925554,0.09530889780744456
11.774,77814.586,293.22,2.181,6786.689,2.945,78597.46844387942,-782.8824438794254,221.55621000680839,71.66378999319164,2.1026125160899527,0.07838748391004735,6921.009452689049,-134.32045268904858,2.6393580008699864,0.30564199913001344
11.767,78556.489,236.852,1.844,7128.133,1.926,78608.45219525066,-51.96319525066065,221.5159334873748,15.336066512625194,2.1041972051665514,-0.2601972051665513,6919.728089595697,208.40491040430243,2.6399725002252734,-0.7139725002252735
11.76,78062.658,216.584,2.742,6990.173,2.201,78619.43652204267,-556.778522042674,221.47452650721567,-4.890526507215668,2.1057604233477925,0.6362395766522075,6918.396994217741,71.77600578225884,2.6405342485573478,-0.4395342485573477
11.753,77883.745,229.075,1.862,6867.127,1.947,78630.41566232625,-746.670662326258,221.43198670194835,7.643013298051642,2.1073014522263556,-0.24530145222635547,6917.0159856266655,-49.88898562666509,2.6410429282124,-0.6940429282123999
11.746,78761.577,187.329,1.741,6984.012,2.946,78641.38382461238,120.19317538762698,221.38831148038435,-34.05931148038434,2.108819598144958,-0.3678195981449579,6915.584905276817,68.42709472318256,2.641498255824647,0.30450174417535303
11.739,78880.725,263.395,1.914,6893.898,3.339,78652.33518912632,228.3898108736903,221.34349802378347,42.051501976216514,2.110314192886868,-0.19631419288686813,6914.10361702079,-20.20561702078976,2.641899982508715,0.6971000174912851
11.732,79805.524,287.492,2.364,6899.138,1.877,78663.26390903787,1142.2600909621397,221.297543285529,66.19445671447102,2.1117845943238462,0.25221540567615364,6912.5720071051255,-13.434007105125602,2.642247894003961,-0.7652478940039609
11.726,79216.137,230.845,2.39,7011.347,1.127,78672.60890906211,543.5280909378926,221.2572426669592,9.587757333040798,2.113025215272153,0.2769747847278472,6911.219076797804,100.12792320219614,2.6425031343247207,-1.5155031343247207
11.719,78335.183,245.21,3.499,7052.15,3.408,78683.47997532264,-348.29697532263526,221.20915954616623,24.000840453833774,2.1144490741460427,1.3845509258539574,6909.593786851201,142.55621314879863,2.6427506533544545,0.7652493466455454
11.712,79286.489,218.748,1.926,7156.002,2.523,78694.31155311916,592.1774468808435,221.1599251860565,-2.4119251860565214,2.115847054036569,-0.1898470540365691,6907.91797333659,248.08402666341044,2.6429439364790133,-0.11994393647901314
11.706,80063.943,184.035,1.964,6997.445,4.241,78703.55983074129,1360.3831692587119,221.11680504738663,-37.08180504738664,2.1170243177227634,-0.15302431772276348,6906.4413274650215,91.00367253497825,2.64306637862794,1.5979336213720599
11.699,80379.932,198.762,2.84,7190.586,3.607,78714.30229619719,1665.6297038028133,221.0654220995362,-22.303422099536192,2.1183728357193496,0.7216271642806502,6904.6716275344315,285.9143724655687,2.643158751373104,0.9638412486268964
11.693,79464.883,294.534,3.174,7010.43,4.078,78723.46536753132,741.417632468685,221.0204540635622,73.5135459364378,2.11950696953925,1.0544930304607498,6903.114511582897,107.31548841710355,2.643194651015401,1.4348053489845993
11.686,78664.743,233.364,2.93,7211.799,2.625,78734.09809741862,-69.35509741862188,220.96690758107633,12.397092418923677,2.1208043609526097,0.8091956390473904,6901.250970568587,310.54802943141294,2.6431860582418714,-0.01818605824187136
11.68,79648.618,239.633,2.357,6949.333,4.261,78743.15823109217,905.4597689078364,220.92007823447577,18.712921765524243,2.1218940184786614,0.23510598152133877,6899.613483422849,49.7195165771509,2.6431354625201435,1.6178645374798566
11.674,77552.522,195.701,3.141,7112.1,2.226,78752.16484632986,-1199.6428463298653,220.87238496954615,-25.171384969546153,2.1229627394511805,1.0180372605488195,6897.9389681908815,214.16103180911887,2.6430450136507453,-0.4170450136507453
11.669,77496.465,252.674,2.112,6922.53,3.36,78759.62672986905,-1263.1617298690544,220.83197832290006,31.84202167709995,2.1238371764421067,-0.011837176442106578,6896.515294962488,26.014705037511703,2.642939244845012,0.7170607551549879
11.663,79225.128,244.923,2.281,7055.904,2.569,78768.52533137317,456.60266862683056,220.78269275729215,24.14030724270785,2.1248669130640088,0.15613308693599137,6894.773053734488,161.13094626551265,2.642775921931843,-0.07377592193184324
11.657,80333.346,194.962,1.766,7247.466,2.529,78777.35960253858,1555.9863974614273,220.73253385431488,-25.77053385431489,2.1258750875135117,-0.3598750875135117,6892.993978368069,354.47202163193106,2.6425729857902933,-0.1135729857902934
11.651,77907.343,206.605,1.62,7328.983,1.713,78786.12571153324,-878.7827115332475,220.6814980807157,-14.076498080715709,2.1268615105010884,-0.5068615105010883,6891.1781590536375,437.8048409463627,2.642330555336055,-0.9293305553360551
11.645,78554.022,204.552,2.681,7149.989,2.896,78794.81981893569,-240.79781893569452,220.62958179796627,-16.077581797966275,2.127826009280796,0.5531739907192041,6889.325697148417,260.66330285158256,2.642048767057404,0.2539512329425957
11.639,78543.551,219.761,2.759,7233.971,3.38,78803.43807816152,-259.88707816151145,220.57678126482296,-0.8157812648229594,2.128768427690726,0.630231572309274,6887.436705058124,346.5342949418755,2.6417277748139374,0.7382722251860625
11.633,79941.232,199.545,2.095,7279.28,3.194,78811.97663589077,1129.2553641092381,220.52309264006595,-20.978092640065967,2.1296886261791963,-0.0346886261791961,6885.5113061120355,393.7686938879642,2.6413677496217587,0.5526322503782413
11.627,80200.39,186.321,2.749,7229.709,4.103,78820.43163249802,1379.9583675019821,220.46851198542043,-34.14751198542044,2.130586481817061,0.6184135181829391,6883.549634431631,346.15936556836914,2.6409688794255923,1.4620311205744074
11.621,81271.591,194.957,2.696,7116.208,3.36,78828.79920248606,2442.7917975139426,220.41303526866,-25.456035268660003,2.1314618882965792,0.5645381117034209,6881.551834792863,234.65616520713684,2.640531368858328,0.7194686311416718
11.615,77876.104,242.051,1.839,7102.307,3.665,78837.07547492492,-960.9714749249106,220.35665836689537,21.694341633104614,2.1323147559172733,-0.2933147559172733,6879.518062482234,222.7889375177656,2.6400554389885134,1.0249445610114867
11.609,79129.613,177.741,3.248,7364.515,2.721,78845.25657389738,284.35642610261857,220.29937707005038,-42.55837707005037,2.1331450115592467,1.1148549884407535,6877.448483146776,487.06651685322413,2.6395413270563224,0.0814586729436777
11.603,77815.013,225.469,2.036,7091.023,3.079,78853.33861895277,-1038.3256189527601,220.24118708452684,5.227812915473152,2.133952598644456,-0.09795259864445605,6875.343272638088,215.67972736191223,2.638989286198536,0.44001071380146417
11.597,78710.429,229.16,2.356,7146.523,1.907,78861.31772557003,-150.8887255700247,220.18208403706132,8.977915962938681,2.13473747708644,0.22126252291355986,6873.202616850573,273.32038314942747,2.63839958516307,-0.7313995851630701
11.592,78230.891,199.091,1.691,7108.598,1.924,78867.88554256753,-636.9945425675251,220.1321308121638,-21.0411308121638,2.1353741780154785,-0.4443741780154784,6871.391801718295,237.20619828170493,2.6378796039267445,-0.7138796039267445
11.586,77785.414,306.712,1.731,6916.277,2.208,78875.66582815113,-1090.2518281511293,220.07134221145483,86.64065778854516,2.136117374308887,-0.40511737430888695,6869.186678382271,47.09032161772939,2.6372216078478776,-0.42922160784787744
11.58,77515.263,228.093,1.67,7044.913,2.311,78883.33215124687,-1368.069151246862,220.00962776148367,8.083372238516318,2.1368378373615675,-0.4668378373615676,6866.946689519193,177.9663104808069,2.6365267951997597,-0.3255267951997598
11.574,79233.697,200.878,1.286,7021.284,2.404,78890.88061623568,342.8163837643224,219.94698282284452,-19.068982822844532,2.1375355896479964,-0.8515355896479964,6864.672057922089,156.6119420779105,2.635795491757561,-0.23179549175756087
11.568,79616.308,236.448,2.509,6959.673,3.464,78898.30732584631,718.0006741536927,219.8834026978767,16.564597302123303,2.138210669746324,0.3707893302536758,6862.3630155677965,97.30998443220324,2.6350280373986648,0.8289719626013352
11.562,79505.243,235.901,1.66,7124.552,3.353,78905.6083817025,599.6346182974958,219.81888263568305,16.082117364316957,2.1388631322320633,-0.47886313223206334,6860.019803424344,264.5321965756557,2.6342247857675813,0.7187752142324189
11.556,80240.267,263.537,1.849,6966.14,3.924,78912.77988488965,1327.487115110358,219.75341783735698,43.783582162643,2.1394930475642693,-0.2904930475642693,6857.642671253664,108.49732874633628,2.633386103934352,1.290613896065648
11.55,77956.823,214.291,2.342,7083.566,2.799,78919.81793654192,-962.9949365419161,219.68700346141776,-5.396003461417763,2.1401005019648784,0.20189949803512164,6855.231877409707,228.3341225902932,2.6325123720470276,0.16648762795297234
11.543,81378.137,229.076,1.929,7135.434,2.237,78927.85512833882,2450.28187166118,219.60831335213908,9.467686647860916,2.1407809473960477,-0.2117809473960477,6852.37709629221,283.0569037077903,2.631449243629503,-0.39444924362950307
11.537,81578.983,198.126,2.534,7194.453,2.714,78934.5906637413,2644.392336258694,219.5398247812882,-21.413824781288184,2.141340106550482,0.392659893449518,6849.8942947835185,344.55870521648194,2.630500934211404,0.08349906578859612
11.531,81142.115,258.42,2.817,7032.687,3.881,78941.18040859603,2200.934591403973,219.47037108609578,38.949628913904235,2.141877180327178,0.6751228196728221,6847.378704037796,185.30829596220428,2.6295188607829334,1.2514811392170664
11.526,79533.947,204.251,3.736,7041.128,2.53,78946.55768700439,587.3893129956123,219.41175218414827,-15.160752184148265,2.1423079791417967,1.5936920208582035,6845.2575414391285,195.87045856087116,2.6286749847624398,-0.09867498476243997
11.52,79140.689,237.911,3.387,6909.579,3.237,78952.87004373736,187.81895626263577,219.34051621528872,18.570483784711286,2.142804964751055,1.244195035248945,6842.682600597775,66.89639940222514,2.627632137610451,0.6093678623895493
11.514,79090.759,276.254,2.515,6807.238,2.969,78959.02559263527,131.7334073647362,219.26830105731239,56.985698942687634,2.143280330336759,0.371719669663241,6840.075716812339,-32.83771681233884,2.626556775876108,0.3424432241238917
11.508,79438.845,219.53,3.95,7060.748,3.223,78965.02045366363,473.824546336371,219.19510174103286,0.33489825896714365,2.143734268654722,1.8062657313452783,6837.437202588549,223.31079741145095,2.625449361152514,0.597550638847486
11.502,79122.074,225.686,2.02,7053.753,2.938,78970.85075245313,151.2232475468627,219.12091330600134,6.565086693998666,2.1441669870969493,-0.12416698709694929,6834.767377269496,218.98562273050356,2.6243103651899586,0.31368963481004153
